site,date,value
1,2015-01-01,0.011159413439520894
1,2015-01-02,0.011158465703440413
1,2015-01-03,0.01115768331571252
1,2015-01-04,0.01115722885101901
1,2015-01-05,0.011157776157237597
1,2015-01-06,0.01116028348337925
1,2015-01-07,0.011164695271815581
1,2015-01-08,0.011170122450717862
1,2015-01-09,0.011175545351105822
1,2015-01-10,0.011180719270439569
1,2015-01-11,0.011184850935909806
1,2015-01-12,0.011187524221939112
1,2015-01-13,0.011188310751310968
1,2015-01-14,0.011187724953510137
1,2015-01-15,0.011185905236678003
1,2015-01-16,0.01118365371034093
1,2015-01-17,0.011181205547503575
1,2015-01-18,0.011178574995954212
1,2015-01-19,0.011176239446013562
1,2015-01-20,0.011174534878819257
1,2015-01-21,0.01117268706553889
1,2015-01-22,0.011170113445788195
1,2015-01-23,0.011166726017276989
1,2015-01-24,0.011163697870996858
1,2015-01-25,0.011161623198244637
1,2015-01-26,0.01116111836068594
1,2015-01-27,0.011161717667022212
1,2015-01-28,0.011163041186012938
1,2015-01-29,0.011164114767742941
1,2015-01-30,0.011163907409200485
1,2015-01-31,0.011162721388784321
1,2015-02-01,0.011161044795094954
1,2015-02-02,0.011159722276678542
1,2015-02-03,0.011159672212279875
1,2015-02-04,0.011159959897829488
1,2015-02-05,0.011159377816191677
1,2015-02-06,0.011157740796089204
1,2015-02-07,0.011156265644757003
1,2015-02-08,0.011156324587397935
1,2015-02-09,0.01115882637157902
1,2015-02-10,0.011162855557712315
1,2015-02-11,0.011167820839824287
1,2015-02-12,0.01117154184267112
1,2015-02-13,0.01117254921503463
1,2015-02-14,0.01117122582330174
1,2015-02-15,0.011169487462105486
1,2015-02-16,0.011169202270260536
1,2015-02-17,0.011172033255683982
1,2015-02-18,0.011178057944616092
1,2015-02-19,0.011186060900977022
1,2015-02-20,0.01119485974548132
1,2015-02-21,0.011203605169656319
1,2015-02-22,0.011213003568850114
1,2015-02-23,0.011224146425283146
1,2015-02-24,0.011236107715452852
1,2015-02-25,0.011248619273500635
1,2015-02-26,0.011258769214153749
1,2015-02-27,0.011264441321614901
1,2015-02-28,0.011265147448919361
1,2015-03-01,0.011262583042071103
1,2015-03-02,0.011259723404308713
1,2015-03-03,0.01125982901165814
1,2015-03-04,0.011262980764491792
1,2015-03-05,0.011266838167460089
1,2015-03-06,0.011268749462100722
1,2015-03-07,0.011267500537533896
1,2015-03-08,0.011262799733757966
1,2015-03-09,0.011258110011705298
1,2015-03-10,0.01125408616979112
1,2015-03-11,0.011251758292301215
1,2015-03-12,0.011249443807375296
1,2015-03-13,0.011245700438066065
1,2015-03-14,0.0112411330309313
1,2015-03-15,0.011237827935723027
1,2015-03-16,0.011237997683071954
1,2015-03-17,0.011243638770907694
1,2015-03-18,0.011252588439462188
1,2015-03-19,0.011260668129756487
1,2015-03-20,0.011264576693376277
1,2015-03-21,0.011263849978529687
1,2015-03-22,0.011260108153547412
1,2015-03-23,0.011257113919434045
1,2015-03-24,0.011254823243415849
1,2015-03-25,0.011253721575048024
1,2015-03-26,0.011252452509619123
1,2015-03-27,0.011249989283953847
1,2015-03-28,0.011246114135156023
1,2015-03-29,0.011242610199171285
1,2015-03-30,0.011241345695297349
1,2015-03-31,0.011245583999101973
1,2015-04-01,0.011254190426624506
1,2015-04-02,0.011263368900329591
1,2015-04-03,0.01127058282178099
1,2015-04-04,0.01127675767137254
1,2015-04-05,0.011284479919390716
1,2015-04-06,0.011295649395582094
1,2015-04-07,0.011308735601339343
1,2015-04-08,0.011322468701252223
1,2015-04-09,0.011335092722934398
1,2015-04-10,0.011346658461827253
1,2015-04-11,0.011357516334596066
1,2015-04-12,0.011368708280592813
1,2015-04-13,0.011379969132414784
1,2015-04-14,0.011391962399394275
1,2015-04-15,0.011403025650663994
1,2015-04-16,0.011410125704303073
1,2015-04-17,0.011412274469894675
1,2015-04-18,0.01141142404900603
1,2015-04-19,0.011410011159460897
1,2015-04-20,0.011410661932765917
1,2015-04-21,0.011413337046364056
1,2015-04-22,0.011416369546429765
1,2015-04-23,0.01141753550363676
1,2015-04-24,0.011417458773695816
1,2015-04-25,0.011416477812251651
1,2015-04-26,0.01141518921001193
1,2015-04-27,0.011414546458728195
1,2015-04-28,0.01141532493616271
1,2015-04-29,0.01141752795091673
1,2015-04-30,0.011419315615560085
1,2015-05-01,0.011419727540099041
1,2015-05-02,0.011419456467606393
1,2015-05-03,0.01141932573451617
1,2015-05-04,0.011422250307575245
1,2015-05-05,0.011429305008865867
1,2015-05-06,0.011439584900592444
1,2015-05-07,0.011450947773590073
1,2015-05-08,0.011464748615059063
1,2015-05-09,0.011481233796394631
1,2015-05-10,0.011499767356732285
1,2015-05-11,0.011519600431221032
1,2015-05-12,0.011539879253081616
1,2015-05-13,0.011559343707906615
1,2015-05-14,0.011575017859355845
1,2015-05-15,0.011584747214869297
1,2015-05-16,0.011588773118330288
1,2015-05-17,0.011587035389983473
1,2015-05-18,0.011583260365632996
1,2015-05-19,0.01157903583039509
1,2015-05-20,0.011575597891490647
1,2015-05-21,0.0115710367819636
1,2015-05-22,0.011564826300823514
1,2015-05-23,0.011558615794265403
1,2015-05-24,0.011555020287297383
1,2015-05-25,0.01155386752570709
1,2015-05-26,0.011555738120198882
1,2015-05-27,0.011558990714215381
1,2015-05-28,0.011561844218114393
1,2015-05-29,0.011563057394117494
1,2015-05-30,0.011562323382741744
1,2015-05-31,0.011560095732833054
1,2015-06-01,0.01155829839246651
1,2015-06-02,0.011557073120967409
1,2015-06-03,0.011556789444384883
1,2015-06-04,0.011556330233931185
1,2015-06-05,0.011555406497865645
1,2015-06-06,0.011555534163748073
1,2015-06-07,0.011558485309391622
1,2015-06-08,0.011564530260706725
1,2015-06-09,0.011573421639650232
1,2015-06-10,0.01158256771039827
1,2015-06-11,0.011589535578366474
1,2015-06-12,0.011593253682908722
1,2015-06-13,0.01159456024065081
1,2015-06-14,0.011594250349134756
1,2015-06-15,0.011594654368823079
1,2015-06-16,0.011596600876283749
1,2015-06-17,0.011600794636962456
1,2015-06-18,0.011607218572881425
1,2015-06-19,0.01161769247416508
1,2015-06-20,0.011633335053968914
1,2015-06-21,0.011652993669065735
1,2015-06-22,0.01167344962968136
1,2015-06-23,0.011692538910452663
1,2015-06-24,0.011707622463849902
1,2015-06-25,0.011716834662001865
1,2015-06-26,0.01172004516018923
1,2015-06-27,0.011717867702995259
1,2015-06-28,0.011712868625365427
1,2015-06-29,0.011707345079889332
1,2015-06-30,0.011702424107786222
1,2015-07-01,0.011697419900501464
1,2015-07-02,0.01169189878391964
1,2015-07-03,0.011688891681663944
1,2015-07-04,0.011688583375932789
1,2015-07-05,0.011688895751476162
1,2015-07-06,0.011687657634242803
1,2015-07-07,0.011682975479492597
1,2015-07-08,0.011675612090248845
1,2015-07-09,0.011665059095641566
1,2015-07-10,0.011650934690951156
1,2015-07-11,0.01163227231113491
1,2015-07-12,0.011610038336083386
1,2015-07-13,0.01158437457854146
1,2015-07-14,0.011556194717804476
1,2015-07-15,0.011527153850605994
1,2015-07-16,0.011498584402593607
1,2015-07-17,0.011472038544535303
1,2015-07-18,0.011446752015190291
1,2015-07-19,0.01142144306410361
1,2015-07-20,0.011394433590865179
1,2015-07-21,0.011365401759361422
1,2015-07-22,0.01133541573759039
1,2015-07-23,0.01130479160821341
1,2015-07-24,0.011274221264102591
1,2015-07-25,0.01124370613161475
1,2015-07-26,0.011212974065366085
1,2015-07-27,0.011182699552460675
1,2015-07-28,0.011153625803336495
1,2015-07-29,0.011127967926444321
1,2015-07-30,0.011106299755193439
1,2015-07-31,0.011088566863678945
1,2015-08-01,0.011074297705584088
1,2015-08-02,0.01106436187589647
1,2015-08-03,0.011059455628612819
1,2015-08-04,0.011059793772429318
1,2015-08-05,0.011064787570038407
1,2015-08-06,0.01107304583329368
1,2015-08-07,0.011083571192660737
1,2015-08-08,0.011095226967743507
1,2015-08-09,0.011106429103005284
1,2015-08-10,0.011115278746542903
1,2015-08-11,0.011121529636359003
1,2015-08-12,0.01112649098278606
1,2015-08-13,0.011130049410309989
1,2015-08-14,0.011131848159688899
1,2015-08-15,0.011130893482583828
1,2015-08-16,0.01112910891276917
1,2015-08-17,0.011128489787317942
1,2015-08-18,0.011129743270567467
1,2015-08-19,0.011131670711119881
1,2015-08-20,0.011132095008402529
1,2015-08-21,0.011130108799559712
1,2015-08-22,0.011126440922049955
1,2015-08-23,0.011121314651637241
1,2015-08-24,0.011114612330726968
1,2015-08-25,0.011107136320571349
1,2015-08-26,0.011100973333079016
1,2015-08-27,0.011096735746348483
1,2015-08-28,0.011094904475798415
1,2015-08-29,0.011094829237619074
1,2015-08-30,0.011097449079463678
1,2015-08-31,0.011103102753406978
1,2015-09-01,0.011112212061620762
1,2015-09-02,0.011122807400373943
1,2015-09-03,0.011131577987844124
1,2015-09-04,0.011136214822713165
1,2015-09-05,0.011136647927487198
1,2015-09-06,0.011133555776709025
1,2015-09-07,0.011127486016706163
1,2015-09-08,0.011119638019907284
1,2015-09-09,0.01111211387928085
1,2015-09-10,0.011106052029012718
1,2015-09-11,0.011102354874676682
1,2015-09-12,0.011100603484913348
1,2015-09-13,0.011101083096977795
1,2015-09-14,0.011104078947219391
1,2015-09-15,0.011109725624222447
1,2015-09-16,0.011116725046474592
1,2015-09-17,0.011122580150105869
1,2015-09-18,0.011125310389121472
1,2015-09-19,0.011124684676974764
1,2015-09-20,0.011121042266329598
1,2015-09-21,0.01111467079860801
1,2015-09-22,0.011106941137030816
1,2015-09-23,0.011100097337019294
1,2015-09-24,0.011096259034612007
1,2015-09-25,0.01109596367774739
1,2015-09-26,0.0110979953142996
1,2015-09-27,0.011101848776368377
1,2015-09-28,0.011107578022005142
1,2015-09-29,0.011114894242231228
1,2015-09-30,0.01112249444579124
1,2015-10-01,0.011128997481995405
1,2015-10-02,0.011134090055904499
1,2015-10-03,0.011138864648521742
1,2015-10-04,0.01114450663296979
1,2015-10-05,0.01115074542458201
1,2015-10-06,0.011156958815902087
1,2015-10-07,0.011163169732725017
1,2015-10-08,0.011169925283899231
1,2015-10-09,0.011175669430960246
1,2015-10-10,0.011178492074650232
1,2015-10-11,0.01117914409949467
1,2015-10-12,0.01117884592669649
1,2015-10-13,0.01117686018937742
1,2015-10-14,0.011171113076135672
1,2015-10-15,0.011160950883034338
1,2015-10-16,0.01114773883699519
1,2015-10-17,0.011134053655927945
1,2015-10-18,0.01112312889425866
1,2015-10-19,0.011116410880216853
1,2015-10-20,0.0111134072219991
1,2015-10-21,0.011113253258771622
1,2015-10-22,0.011114809027688728
1,2015-10-23,0.011115200648729558
1,2015-10-24,0.011112285834971473
1,2015-10-25,0.011108402611764174
1,2015-10-26,0.011106216923268646
1,2015-10-27,0.011104868178235954
1,2015-10-28,0.01110241706481034
1,2015-10-29,0.011097904882944355
1,2015-10-30,0.011092364435954764
1,2015-10-31,0.011087770975797705
1,2015-11-01,0.011085394842086224
1,2015-11-02,0.011085675296319791
1,2015-11-03,0.011087853089414124
1,2015-11-04,0.0110910655190664
1,2015-11-05,0.011094239050303
1,2015-11-06,0.011095092466199608
1,2015-11-07,0.011092212329405708
1,2015-11-08,0.011087899019944772
1,2015-11-09,0.011084176743747402
1,2015-11-10,0.011080182873123809
1,2015-11-11,0.011074753431797962
1,2015-11-12,0.011068390462635988
1,2015-11-13,0.011063272582083184
1,2015-11-14,0.011061891887939131
1,2015-11-15,0.011065356832862
1,2015-11-16,0.011073702952742076
1,2015-11-17,0.011085902552110226
1,2015-11-18,0.011100908849932414
1,2015-11-19,0.011117104460299463
1,2015-11-20,0.011131867170258037
1,2015-11-21,0.01114370152165589
1,2015-11-22,0.011153447211075028
1,2015-11-23,0.011161691182078303
1,2015-11-24,0.011166471889261124
1,2015-11-25,0.011166086918040493
1,2015-11-26,0.01116094014775499
1,2015-11-27,0.011153198619559872
1,2015-11-28,0.011145284064171007
1,2015-11-29,0.011138846293147755
1,2015-11-30,0.011135001993427422
1,2015-12-01,0.011133658177888188
1,2015-12-02,0.011134729410811927
1,2015-12-03,0.011137377151444297
1,2015-12-04,0.01113972836426904
1,2015-12-05,0.011141331097828819
1,2015-12-06,0.011142089745735842
1,2015-12-07,0.011142195195284631
1,2015-12-08,0.011140758912053092
1,2015-12-09,0.01113646676501006
1,2015-12-10,0.011128848147465264
1,2015-12-11,0.01111874012637639
1,2015-12-12,0.011108008747546654
1,2015-12-13,0.011099392854487791
1,2015-12-14,0.011094689576318416
1,2015-12-15,0.011093601497499423
1,2015-12-16,0.011095395265633705
1,2015-12-17,0.011099084982733733
1,2015-12-18,0.011103294103374675
1,2015-12-19,0.011107870535330933
1,2015-12-20,0.011112177134750252
1,2015-12-21,0.011116055647926138
1,2015-12-22,0.011118777686643265
1,2015-12-23,0.011119571624194524
1,2015-12-24,0.011118343412523811
1,2015-12-25,0.011115659138740666
1,2015-12-26,0.011112033380059281
1,2015-12-27,0.011109487964799401
1,2015-12-28,0.011109392829209527
1,2015-12-29,0.011111645824141817
1,2015-12-30,0.011116858198411312
1,2015-12-31,0.011124842983041535
1,2016-01-01,0.011134116196570532
1,2016-01-02,0.01114419521253572
1,2016-01-03,0.011154175273818607
1,2016-01-04,0.011163681217264295
1,2016-01-05,0.011172197151604842
1,2016-01-06,0.011179123455775302
1,2016-01-07,0.011184071217745369
1,2016-01-08,0.01118719663112727
1,2016-01-09,0.011188371794337416
1,2016-01-10,0.011188895531507172
1,2016-01-11,0.011189094436035794
1,2016-01-12,0.011188940538230151
1,2016-01-13,0.011189228171170781
1,2016-01-14,0.011190620090164654
1,2016-01-15,0.01119237469627443
1,2016-01-16,0.011194106149480406
1,2016-01-17,0.011195044351501685
1,2016-01-18,0.011195134533058804
1,2016-01-19,0.011194367806135011
1,2016-01-20,0.011192663001547932
1,2016-01-21,0.011189785589444699
1,2016-01-22,0.011186356355721894
1,2016-01-23,0.011182439562571679
1,2016-01-24,0.011178766809338556
1,2016-01-25,0.011175294147973584
1,2016-01-26,0.011171508127137103
1,2016-01-27,0.011167307399028352
1,2016-01-28,0.011163044259489906
1,2016-01-29,0.011158621044031054
1,2016-01-30,0.011153981677776167
1,2016-01-31,0.011148923342017263
1,2016-02-01,0.011143368037193287
1,2016-02-02,0.011137623961200372
1,2016-02-03,0.011132734844720337
1,2016-02-04,0.011129145638103334
1,2016-02-05,0.011127327674519679
1,2016-02-06,0.011127085097305282
1,2016-02-07,0.011128299474255724
1,2016-02-08,0.011130921018066807
1,2016-02-09,0.011134577736431126
1,2016-02-10,0.011137908738666599
1,2016-02-11,0.011139917881739075
1,2016-02-12,0.011140466834884157
1,2016-02-13,0.011140398222881912
1,2016-02-14,0.011140439396626223
1,2016-02-15,0.011140728859022144
1,2016-02-16,0.01114155579838359
1,2016-02-17,0.011144019227283216
1,2016-02-18,0.01114814792643031
1,2016-02-19,0.011153599917538509
1,2016-02-20,0.011159512300424812
1,2016-02-21,0.01116546204368708
1,2016-02-22,0.01117169235508571
1,2016-02-23,0.011178137159962109
1,2016-02-24,0.01118382779953229
1,2016-02-25,0.011187865544585163
1,2016-02-26,0.011189954383915025
1,2016-02-27,0.01119077892625218
1,2016-02-28,0.01119139703571783
1,2016-02-29,0.011192301231415236
1,2016-03-01,0.0111938518992614
1,2016-03-02,0.011197339083133608
1,2016-03-03,0.011202493721358637
1,2016-03-04,0.011208839435166726
1,2016-03-05,0.011214874724348884
1,2016-03-06,0.0112188401286847
1,2016-03-07,0.011219199864446692
1,2016-03-08,0.011215588159078436
1,2016-03-09,0.011209200814179022
1,2016-03-10,0.01120133044390745
1,2016-03-11,0.011192641899076846
1,2016-03-12,0.011184151214225667
1,2016-03-13,0.011177067126978824
1,2016-03-14,0.011172118246757115
1,2016-03-15,0.011169754619457833
1,2016-03-16,0.011170923479238199
1,2016-03-17,0.011174956351679631
1,2016-03-18,0.011181695929307336
1,2016-03-19,0.011190551366646713
1,2016-03-20,0.011200010480427982
1,2016-03-21,0.011207836166366426
1,2016-03-22,0.01121317101562145
1,2016-03-23,0.011216090768790937
1,2016-03-24,0.011217038649534128
1,2016-03-25,0.01121612860696218
1,2016-03-26,0.011214474468999279
1,2016-03-27,0.011213274160274808
1,2016-03-28,0.011213664098110436
1,2016-03-29,0.01121614901217668
1,2016-03-30,0.011222406470489698
1,2016-03-31,0.011230946540614274
1,2016-04-01,0.01124079013224577
1,2016-04-02,0.011250538540469007
1,2016-04-03,0.01125883495224079
1,2016-04-04,0.011264529751838078
1,2016-04-05,0.011267926435969177
1,2016-04-06,0.011269221002920993
1,2016-04-07,0.01126920163539015
1,2016-04-08,0.011268424507198742
1,2016-04-09,0.011268160240617902
1,2016-04-10,0.011269508440838861
1,2016-04-11,0.011273055604910246
1,2016-04-12,0.011278857687236835
1,2016-04-13,0.01128847320188283
1,2016-04-14,0.011300203855662563
1,2016-04-15,0.01131221654147925
1,2016-04-16,0.011322681909851993
1,2016-04-17,0.011330643023878643
1,2016-04-18,0.011335471471130636
1,2016-04-19,0.011336852966767614
1,2016-04-20,0.011332012891091182
1,2016-04-21,0.011320169177194011
1,2016-04-22,0.011302527242981539
1,2016-04-23,0.011282150103122592
1,2016-04-24,0.01126209614532434
1,2016-04-25,0.011243779330098989
1,2016-04-26,0.011227881022604415
1,2016-04-27,0.011216603771586165
1,2016-04-28,0.011210647587836466
1,2016-04-29,0.011209825018230722
1,2016-04-30,0.011213264064964885
1,2016-05-01,0.011219961144816814
1,2016-05-02,0.011228393730662471
1,2016-05-03,0.01123667392565346
1,2016-05-04,0.01124224725114263
1,2016-05-05,0.01124469229306721
1,2016-05-06,0.011245171107140194
1,2016-05-07,0.01124574324052096
1,2016-05-08,0.011248319542474742
1,2016-05-09,0.011252898261108694
1,2016-05-10,0.011259386203393718
1,2016-05-11,0.011269306961672023
1,2016-05-12,0.0112815715095756
1,2016-05-13,0.011294736723217312
1,2016-05-14,0.011307530011666763
1,2016-05-15,0.011318118442404958
1,2016-05-16,0.011325681494115673
1,2016-05-17,0.011328636835276103
1,2016-05-18,0.011324675023613947
1,2016-05-19,0.011314759368265048
1,2016-05-20,0.011302075448321685
1,2016-05-21,0.011290415134728499
1,2016-05-22,0.011282473634660383
1,2016-05-23,0.011278564897818382
1,2016-05-24,0.011278776556100826
1,2016-05-25,0.01128522950171312
1,2016-05-26,0.011295725222022001
1,2016-05-27,0.011309810804523864
1,2016-05-28,0.011326741338740823
1,2016-05-29,0.011342788780390727
1,2016-05-30,0.011355881471772255
1,2016-05-31,0.011363646509927024
1,2016-06-01,0.011363879303783742
1,2016-06-02,0.011357717100941632
1,2016-06-03,0.011347932988306199
1,2016-06-04,0.011337508351774992
1,2016-06-05,0.01132833869636789
1,2016-06-06,0.01132028717134204
1,2016-06-07,0.011312211887318834
1,2016-06-08,0.011306197959192384
1,2016-06-09,0.011301792585224882
1,2016-06-10,0.01129843411208947
1,2016-06-11,0.011294532750334152
1,2016-06-12,0.0112885675744899
1,2016-06-13,0.011280460280608764
1,2016-06-14,0.011270261050177257
1,2016-06-15,0.011257559514660011
1,2016-06-16,0.011243889854425652
1,2016-06-17,0.011231617812312258
1,2016-06-18,0.011222346505221463
1,2016-06-19,0.011216755583828127
1,2016-06-20,0.011214315735506153
1,2016-06-21,0.011214064825986294
1,2016-06-22,0.011216497516772924
1,2016-06-23,0.011221094083010011
1,2016-06-24,0.01122711044946038
1,2016-06-25,0.011233531100006926
1,2016-06-26,0.011238607873762713
1,2016-06-27,0.011240786743048905
1,2016-06-28,0.011239671999564787
1,2016-06-29,0.011235178324507452
1,2016-06-30,0.011228764612813483
1,2016-07-01,0.01122251244593737
1,2016-07-02,0.011217724492304671
1,2016-07-03,0.011214750046917434
1,2016-07-04,0.011212477085371222
1,2016-07-05,0.011210922179124137
1,2016-07-06,0.011212802110790064
1,2016-07-07,0.011219293797157257
1,2016-07-08,0.011228113388989604
1,2016-07-09,0.011236624538923577
1,2016-07-10,0.01124290530030742
1,2016-07-11,0.01124589315698141
1,2016-07-12,0.011245829563912773
1,2016-07-13,0.011242458901505775
1,2016-07-14,0.01123706513074765
1,2016-07-15,0.011230930554127742
1,2016-07-16,0.01122493559237549
1,2016-07-17,0.011219632212505052
1,2016-07-18,0.011214492622484713
1,2016-07-19,0.011210607260947594
1,2016-07-20,0.011209841127921902
1,2016-07-21,0.011212995703418766
1,2016-07-22,0.011216799013066086
1,2016-07-23,0.011216430451650859
1,2016-07-24,0.01120951536856061
1,2016-07-25,0.011197595185055358
1,2016-07-26,0.011183479576048705
1,2016-07-27,0.011167698236685031
1,2016-07-28,0.011152055849763308
1,2016-07-29,0.011138219305958891
1,2016-07-30,0.011127149803931136
1,2016-07-31,0.011119576904831207
1,2016-08-01,0.011115749680425429
1,2016-08-02,0.011117327657255987
1,2016-08-03,0.01112379031899158
1,2016-08-04,0.0111358844858652
1,2016-08-05,0.011151547894845376
1,2016-08-06,0.0111665727600047
1,2016-08-07,0.011176261848902686
1,2016-08-08,0.011179973895875009
1,2016-08-09,0.01117896898316891
1,2016-08-10,0.011173878713486669
1,2016-08-11,0.011166892954672084
1,2016-08-12,0.011159855277416088
1,2016-08-13,0.01115299513587708
1,2016-08-14,0.011145706762323215
1,2016-08-15,0.011138561827109636
1,2016-08-16,0.011133594163033896
1,2016-08-17,0.011131613703054266
1,2016-08-18,0.011134290186117713
1,2016-08-19,0.011140476317854043
1,2016-08-20,0.011146311372267246
1,2016-08-21,0.011147457201179404
1,2016-08-22,0.011142173929230427
1,2016-08-23,0.011132092597008966
1,2016-08-24,0.011118970923722769
1,2016-08-25,0.011106010615903265
1,2016-08-26,0.011095519126249105
1,2016-08-27,0.011087447337329257
1,2016-08-28,0.011080684668925724
1,2016-08-29,0.011076827039301056
1,2016-08-30,0.011078015049788087
1,2016-08-31,0.011085720927715547
1,2016-09-01,0.01109970004578489
1,2016-09-02,0.01111691121333085
1,2016-09-03,0.01113258109259491
1,2016-09-04,0.011141894813868255
1,2016-09-05,0.01114234112007779
1,2016-09-06,0.011135588112183776
1,2016-09-07,0.01112397470595607
1,2016-09-08,0.011111908543715625
1,2016-09-09,0.011103054596194057
1,2016-09-10,0.011098506949887448
1,2016-09-11,0.011096341242799155
1,2016-09-12,0.011096962078737041
1,2016-09-13,0.011100881348555044
1,2016-09-14,0.011109095872151998
1,2016-09-15,0.011120840849606706
1,2016-09-16,0.011132935702987979
1,2016-09-17,0.011141324581061205
1,2016-09-18,0.011142513951849717
1,2016-09-19,0.01113553638557707
1,2016-09-20,0.011122810870126124
1,2016-09-21,0.011107139280930106
1,2016-09-22,0.011092546883661628
1,2016-09-23,0.011082356175194433
1,2016-09-24,0.011078638161650074
1,2016-09-25,0.011079648073984776
1,2016-09-26,0.011084391044562696
1,2016-09-27,0.011091885980328411
1,2016-09-28,0.01110300267222965
1,2016-09-29,0.011117634281503967
1,2016-09-30,0.011133088819782729
1,2016-10-01,0.011146314259143511
1,2016-10-02,0.011154587685469057
1,2016-10-03,0.011157196713330812
1,2016-10-04,0.011155655173278628
1,2016-10-05,0.011151395792409395
1,2016-10-06,0.011146552198460434
1,2016-10-07,0.011142752300104728
1,2016-10-08,0.011141021724453753
1,2016-10-09,0.0111391640609973
1,2016-10-10,0.011136572581860503
1,2016-10-11,0.011132484691095542
1,2016-10-12,0.011127711656858844
1,2016-10-13,0.011124668573933981
1,2016-10-14,0.011122898457101854
1,2016-10-15,0.01112157554669895
1,2016-10-16,0.011119314030754831
1,2016-10-17,0.011115204531956262
1,2016-10-18,0.011109586762278594
1,2016-10-19,0.011103323720726739
1,2016-10-20,0.011097823785105283
1,2016-10-21,0.011093752525150075
1,2016-10-22,0.011091226489705034
1,2016-10-23,0.011087948031052555
1,2016-10-24,0.011084460279453019
1,2016-10-25,0.011081213981620585
1,2016-10-26,0.011079009375871843
1,2016-10-27,0.011079980960915791
1,2016-10-28,0.01108316686225666
1,2016-10-29,0.011086776645698626
1,2016-10-30,0.01108866243726775
1,2016-10-31,0.011087650369142254
1,2016-11-01,0.011083829104622297
1,2016-11-02,0.011078145010164239
1,2016-11-03,0.011072186114360229
1,2016-11-04,0.011067163667957123
1,2016-11-05,0.011064085344342972
1,2016-11-06,0.011061890918511126
1,2016-11-07,0.011061465012706507
1,2016-11-08,0.011062832498500683
1,2016-11-09,0.011065652704549912
1,2016-11-10,0.011071004845161036
1,2016-11-11,0.0110774000771873
1,2016-11-12,0.011082581586630374
1,2016-11-13,0.0110843477517643
1,2016-11-14,0.011082255849206513
1,2016-11-15,0.011077517772927706
1,2016-11-16,0.01107273384454819
1,2016-11-17,0.01107056082304285
1,2016-11-18,0.011073712196671845
1,2016-11-19,0.011083578163781352
1,2016-11-20,0.01109836646785448
1,2016-11-21,0.011116924142960826
1,2016-11-22,0.011137022224182442
1,2016-11-23,0.011156264859334759
1,2016-11-24,0.011173712418943054
1,2016-11-25,0.011187534122479957
1,2016-11-26,0.011195729756305128
1,2016-11-27,0.011195899726551143
1,2016-11-28,0.01118787347119838
1,2016-11-29,0.01117348460270719
1,2016-11-30,0.011156408013464314
1,2016-12-01,0.011139845438738976
1,2016-12-02,0.011127207931493906
1,2016-12-03,0.011121216368241319
1,2016-12-04,0.011121665762307342
1,2016-12-05,0.011128250497416232
1,2016-12-06,0.011139149101882795
1,2016-12-07,0.01115248774257882
1,2016-12-08,0.011166179404341657
1,2016-12-09,0.011176878631034254
1,2016-12-10,0.011181109038081364
1,2016-12-11,0.011176244252798149
1,2016-12-12,0.011162995062595764
1,2016-12-13,0.011144316651592249
1,2016-12-14,0.01112455541564925
1,2016-12-15,0.011107143653754419
1,2016-12-16,0.01109488733003173
1,2016-12-17,0.011089904439800576
1,2016-12-18,0.011091666386854817
1,2016-12-19,0.011098523668853924
1,2016-12-20,0.01110786351092431
1,2016-12-21,0.011117970917519366
1,2016-12-22,0.011127647304746672
1,2016-12-23,0.011135026438478024
1,2016-12-24,0.011138210671098749
1,2016-12-25,0.011135638215790278
1,2016-12-26,0.011128217172179801
1,2016-12-27,0.011119040885405225
1,2016-12-28,0.011111628084501855
1,2016-12-29,0.0111077892361405
1,2016-12-30,0.011108347022474367
1,2016-12-31,0.011110505563835398
1,2017-01-01,0.011120478275359004
1,2017-01-02,0.011133176834469297
1,2017-01-03,0.011146991591876022
1,2017-01-04,0.011160482658292201
1,2017-01-05,0.011172844886517371
1,2017-01-06,0.01118291290144853
1,2017-01-07,0.01118944151972288
1,2017-01-08,0.011190822864826524
1,2017-01-09,0.011187041188164893
1,2017-01-10,0.011180694552267719
1,2017-01-11,0.011173902000075363
1,2017-01-12,0.011168318111346661
1,2017-01-13,0.011164025071630416
1,2017-01-14,0.011161256659050166
1,2017-01-15,0.011160021619165376
1,2017-01-16,0.011160277731224156
1,2017-01-17,0.011161718003228783
1,2017-01-18,0.011164122652724746
1,2017-01-19,0.011167026276390352
1,2017-01-20,0.011169236780802434
1,2017-01-21,0.011169916356409406
1,2017-01-22,0.01116797001392796
1,2017-01-23,0.011163534526953726
1,2017-01-24,0.011158838361841233
1,2017-01-25,0.011155038253360646
1,2017-01-26,0.01115277419867658
1,2017-01-27,0.011151733981256929
1,2017-01-28,0.011151632919555586
1,2017-01-29,0.011151816694719067
1,2017-01-30,0.01115244348074656
1,2017-01-31,0.011153843158838066
1,2017-02-01,0.01115701651633623
1,2017-02-02,0.011162297304266804
1,2017-02-03,0.011168718315731446
1,2017-02-04,0.011175731931057616
1,2017-02-05,0.011182376347400458
1,2017-02-06,0.011188730810880305
1,2017-02-07,0.011197042995109728
1,2017-02-08,0.011207161809298902
1,2017-02-09,0.011217543812989146
1,2017-02-10,0.011225862071641453
1,2017-02-11,0.011231116682907829
1,2017-02-12,0.011233205545107804
1,2017-02-13,0.011233396819226462
1,2017-02-14,0.011232240968967853
1,2017-02-15,0.011230480182218993
1,2017-02-16,0.011228742289106903
1,2017-02-17,0.011227536423570298
1,2017-02-18,0.011226210427474318
1,2017-02-19,0.011223990019415488
1,2017-02-20,0.011221293736575995
1,2017-02-21,0.011221852427937211
1,2017-02-22,0.011226702909529051
1,2017-02-23,0.011234865462559309
1,2017-02-24,0.011243315348413992
1,2017-02-25,0.01125014364049244
1,2017-02-26,0.011254059956902334
1,2017-02-27,0.011255313535875859
1,2017-02-28,0.011253608217811602
1,2017-03-01,0.011249028955235425
1,2017-03-02,0.011242933912775088
1,2017-03-03,0.011237748007646625
1,2017-03-04,0.011233102315984999
1,2017-03-05,0.011227331945064357
1,2017-03-06,0.011220750264390712
1,2017-03-07,0.011217931863847997
1,2017-03-08,0.011219878306466365
1,2017-03-09,0.011225823787899422
1,2017-03-10,0.011232642781463534
1,2017-03-11,0.01123863201701148
1,2017-03-12,0.011241446796253425
1,2017-03-13,0.011241272834821578
1,2017-03-14,0.011238688460990496
1,2017-03-15,0.011234317121219407
1,2017-03-16,0.011229421291760308
1,2017-03-17,0.011226410761128566
1,2017-03-18,0.011224599386628023
1,2017-03-19,0.011220573376511873
1,2017-03-20,0.01121280423519723
1,2017-03-21,0.011207973539875907
1,2017-03-22,0.011208099573771191
1,2017-03-23,0.011213311935277494
1,2017-03-24,0.011220513629457871
1,2017-03-25,0.011228138025250642
1,2017-03-26,0.011234427318978826
1,2017-03-27,0.011239176551896109
1,2017-03-28,0.011242551940979914
1,2017-03-29,0.011245131671609673
1,2017-03-30,0.011247997754617382
1,2017-03-31,0.011253687268697878
1,2017-04-01,0.011262168798699821
1,2017-04-02,0.011270152245634301
1,2017-04-03,0.011276769488807079
1,2017-04-04,0.011287928968443389
1,2017-04-05,0.011304276155464948
1,2017-04-06,0.011324629675143251
1,2017-04-07,0.011343504648990936
1,2017-04-08,0.01135823428238065
1,2017-04-09,0.011367832717622517
1,2017-04-10,0.01137287489185029
1,2017-04-11,0.011373693338538484
1,2017-04-12,0.011370132558847614
1,2017-04-13,0.011363378199184315
1,2017-04-14,0.011358656185968843
1,2017-04-15,0.011358623790098278
1,2017-04-16,0.011360743354852097
1,2017-04-17,0.011361049313598758
1,2017-04-18,0.011365719565586645
1,2017-04-19,0.011374192126475715
1,2017-04-20,0.011384367127293446
1,2017-04-21,0.01139150282131279
1,2017-04-22,0.011393079668842336
1,2017-04-23,0.011388960390545332
1,2017-04-24,0.011380092626696276
1,2017-04-25,0.011366718265677547
1,2017-04-26,0.011348120730747719
1,2017-04-27,0.011325637804639944
1,2017-04-28,0.011303890305657186
1,2017-04-29,0.011285689060636692
1,2017-04-30,0.011271172170499123
1,2017-05-01,0.011259544450461107
1,2017-05-02,0.011255310782784744
1,2017-05-03,0.011258177234490095
1,2017-05-04,0.011267384199057769
1,2017-05-05,0.011280286468071608
1,2017-05-06,0.011295811374575509
1,2017-05-07,0.011309382007319098
1,2017-05-08,0.011319106852537314
1,2017-05-09,0.011324192702178116
1,2017-05-10,0.011323878143196636
1,2017-05-11,0.011319413069798676
1,2017-05-12,0.011315026925966382
1,2017-05-13,0.011312450954104575
1,2017-05-14,0.011311216544872526
1,2017-05-15,0.011311392175889924
1,2017-05-16,0.011318494916365513
1,2017-05-17,0.011331120662984603
1,2017-05-18,0.01134698245695776
1,2017-05-19,0.011363372325406282
1,2017-05-20,0.011379275810420855
1,2017-05-21,0.011389489027424454
1,2017-05-22,0.011392651835792262
1,2017-05-23,0.01138842649710265
1,2017-05-24,0.011376393180142616
1,2017-05-25,0.01135793258431943
1,2017-05-26,0.01133965451981027
1,2017-05-27,0.011323251805733906
1,2017-05-28,0.011305639679113761
1,2017-05-29,0.011288605690461714
1,2017-05-30,0.011282925559461714
1,2017-05-31,0.011287593801796522
1,2017-06-01,0.011299646881568736
1,2017-06-02,0.011313378962456638
1,2017-06-03,0.011325875195870852
1,2017-06-04,0.01133425710115964
1,2017-06-05,0.011337984313514314
1,2017-06-06,0.011337257590052682
1,2017-06-07,0.011332164442321982
1,2017-06-08,0.011323619873773953
1,2017-06-09,0.011317828268564948
1,2017-06-10,0.01131517955737049
1,2017-06-11,0.01131007897758942
1,2017-06-12,0.011301526443986885
1,2017-06-13,0.011301551543467167
1,2017-06-14,0.01130804461352431
1,2017-06-15,0.011317465838132229
1,2017-06-16,0.011324669690828014
1,2017-06-17,0.011327481504663459
1,2017-06-18,0.011325489384702651
1,2017-06-19,0.011318943488233832
1,2017-06-20,0.011309020752620684
1,2017-06-21,0.011296810578867958
1,2017-06-22,0.011283744723146655
1,2017-06-23,0.011274708971343125
1,2017-06-24,0.01127020900818044
1,2017-06-25,0.011265402138551418
1,2017-06-26,0.011257791591010131
1,2017-06-27,0.01125563120429606
1,2017-06-28,0.011258342314204011
1,2017-06-29,0.01126462108947487
1,2017-06-30,0.011271802686715234
1,2017-07-01,0.011277491410576091
1,2017-07-02,0.01128080659619065
1,2017-07-03,0.0112802054785254
1,2017-07-04,0.011276679983879982
1,2017-07-05,0.011270872751780145
1,2017-07-06,0.011264164964808296
1,2017-07-07,0.011259257224982437
1,2017-07-08,0.011256983901180281
1,2017-07-09,0.01125541603595442
1,2017-07-10,0.011252901964677988
1,2017-07-11,0.011252993501276013
1,2017-07-12,0.011254887650413202
1,2017-07-13,0.011257386294938441
1,2017-07-14,0.011261517913226781
1,2017-07-15,0.011266000071888188
1,2017-07-16,0.011271064022192
1,2017-07-17,0.011275752499739592
1,2017-07-18,0.011280293298806655
1,2017-07-19,0.011284226800217933
1,2017-07-20,0.011287516167661178
1,2017-07-21,0.011290408495512277
1,2017-07-22,0.011293135562367409
1,2017-07-23,0.011295221745801168
1,2017-07-24,0.011297074986604412
1,2017-07-25,0.01130052196616352
1,2017-07-26,0.011304556455839502
1,2017-07-27,0.011306896567744265
1,2017-07-28,0.011308322861712584
1,2017-07-29,0.011308604839690303
1,2017-07-30,0.011308273920893449
1,2017-07-31,0.011307191389843381
1,2017-08-01,0.011306690193976857
1,2017-08-02,0.01130756471251668
1,2017-08-03,0.011310151664393295
1,2017-08-04,0.011313154399478872
1,2017-08-05,0.011315194671739826
1,2017-08-06,0.011314713445931854
1,2017-08-07,0.011314687854816418
1,2017-08-08,0.011316238524849696
1,2017-08-09,0.011316248879021154
1,2017-08-10,0.011310969762271758
1,2017-08-11,0.011300281037912707
1,2017-08-12,0.011285632748708214
1,2017-08-13,0.011270178259549912
1,2017-08-14,0.01125505154178661
1,2017-08-15,0.011241325863170946
1,2017-08-16,0.011230562689376307
1,2017-08-17,0.011223467117163672
1,2017-08-18,0.01121889816550329
1,2017-08-19,0.011214840776079262
1,2017-08-20,0.011209149261778845
1,2017-08-21,0.011203513512480483
1,2017-08-22,0.011199517358216091
1,2017-08-23,0.011195116283967795
1,2017-08-24,0.011186689076969554
1,2017-08-25,0.01117310032888086
1,2017-08-26,0.011157663399492587
1,2017-08-27,0.011143604334419738
1,2017-08-28,0.011132080575502858
1,2017-08-29,0.01112416988454684
1,2017-08-30,0.011121634086156866
1,2017-08-31,0.011124948110181292
1,2017-09-01,0.011132958310652391
1,2017-09-02,0.011143544658236134
1,2017-09-03,0.01115357754796396
1,2017-09-04,0.011163897643453827
1,2017-09-05,0.011176829403570933
1,2017-09-06,0.01118986766856054
1,2017-09-07,0.011196653455114298
1,2017-09-08,0.01119267799918388
1,2017-09-09,0.011181343697679348
1,2017-09-10,0.01116795757004076
1,2017-09-11,0.011155128327140773
1,2017-09-12,0.011144125968092833
1,2017-09-13,0.011136608689926794
1,2017-09-14,0.011133257930152992
1,2017-09-15,0.011133585004922814
1,2017-09-16,0.011136502207027018
1,2017-09-17,0.011140491489792344
1,2017-09-18,0.011146040703329871
1,2017-09-19,0.011155430932153298
1,2017-09-20,0.011167325082223538
1,2017-09-21,0.011175862873329476
1,2017-09-22,0.01117597647937687
1,2017-09-23,0.011168625660972247
1,2017-09-24,0.011156760009977123
1,2017-09-25,0.011143260631059932
1,2017-09-26,0.01113151105066796
1,2017-09-27,0.011124292939363465
1,2017-09-28,0.011121883221899378
1,2017-09-29,0.011123297733192747
1,2017-09-30,0.011126749675145283
1,2017-10-01,0.011131559370733086
1,2017-10-02,0.011136578816627945
1,2017-10-03,0.011142481359058098
1,2017-10-04,0.011149936558773367
1,2017-10-05,0.01115715952113579
1,2017-10-06,0.011162097675601213
1,2017-10-07,0.011165049708920089
1,2017-10-08,0.011165704751768344
1,2017-10-09,0.011163582251952143
1,2017-10-10,0.011159647620528516
1,2017-10-11,0.011155988102517606
1,2017-10-12,0.011152690666862447
1,2017-10-13,0.011149407665406109
1,2017-10-14,0.011145017840328729
1,2017-10-15,0.011139035754049738
1,2017-10-16,0.011131334052832106
1,2017-10-17,0.01112336871388167
1,2017-10-18,0.011117134739715507
1,2017-10-19,0.011113380702302967
1,2017-10-20,0.011111058646439624
1,2017-10-21,0.011108785886065694
1,2017-10-22,0.011104656154179651
1,2017-10-23,0.011097982237861879
1,2017-10-24,0.01109040934937911
1,2017-10-25,0.011083978416451697
1,2017-10-26,0.01107897562678531
1,2017-10-27,0.0110751296585872
1,2017-10-28,0.0110714666093576
1,2017-10-29,0.011068017888559064
1,2017-10-30,0.011065429393769956
1,2017-10-31,0.011065162560355961
1,2017-11-01,0.011068491109253073
1,2017-11-02,0.011074519009461574
1,2017-11-03,0.011080272016886758
1,2017-11-04,0.011084563114217596
1,2017-11-05,0.011085586482583877
1,2017-11-06,0.011081982839773259
1,2017-11-07,0.011075216846013054
1,2017-11-08,0.011068237186597565
1,2017-11-09,0.01106277325432733
1,2017-11-10,0.01105930088407277
1,2017-11-11,0.011056899001264036
1,2017-11-12,0.011055634987849722
1,2017-11-13,0.011057245870261799
1,2017-11-14,0.011064803243494356
1,2017-11-15,0.011079639569270053
1,2017-11-16,0.011098337481369513
1,2017-11-17,0.011115561023693644
1,2017-11-18,0.011130733584642349
1,2017-11-19,0.011142781915765133
1,2017-11-20,0.011149391617802366
1,2017-11-21,0.01115077569184515
1,2017-11-22,0.01114939659947234
1,2017-11-23,0.011147742250849454
1,2017-11-24,0.011146738518350187
1,2017-11-25,0.011145597873729523
1,2017-11-26,0.01114502428155454
1,2017-11-27,0.01114739173083313
1,2017-11-28,0.011155511512956184
1,2017-11-29,0.011169980095229185
1,2017-11-30,0.011185673112817979
1,2017-12-01,0.011196310725901607
1,2017-12-02,0.011200991287958525
1,2017-12-03,0.01120002923426263
1,2017-12-04,0.011193226269032075
1,2017-12-05,0.011182082102507117
1,2017-12-06,0.011168455035034889
1,2017-12-07,0.011154439614320201
1,2017-12-08,0.011141132854674461
1,2017-12-09,0.0111287677374377
1,2017-12-10,0.011119288429606855
1,2017-12-11,0.01111529049340401
1,2017-12-12,0.011119096209786256
1,2017-12-13,0.011130707087336772
1,2017-12-14,0.011145524462496465
1,2017-12-15,0.011158582689504721
1,2017-12-16,0.01116966485572327
1,2017-12-17,0.011178833776715233
1,2017-12-18,0.011185110614031523
1,2017-12-19,0.01118859884806866
1,2017-12-20,0.011188905399351284
1,2017-12-21,0.011185642612369776
1,2017-12-22,0.011178860165946526
1,2017-12-23,0.011168999518231507
1,2017-12-24,0.011159869773158528
1,2017-12-25,0.011154950238552147
1,2017-12-26,0.011157090244306334
1,2017-12-27,0.011166213488914398
1,2017-12-28,0.011178638052863147
1,2017-12-29,0.01118999696349458
1,2017-12-30,0.011199020631716034
1,2017-12-31,0.011206559448308572
1,2018-01-01,0.011213268012281811
1,2018-01-02,0.011220137118663036
1,2018-01-03,0.011227101387808868
1,2018-01-04,0.011233327245059837
1,2018-01-05,0.01123772090520621
1,2018-01-06,0.011239328167710958
1,2018-01-07,0.011238738477257806
1,2018-01-08,0.011236866593131905
1,2018-01-09,0.01123467172062879
1,2018-01-10,0.011232093332128766
1,2018-01-11,0.011228546293209211
1,2018-01-12,0.011223772810455014
1,2018-01-13,0.011217966816812404
1,2018-01-14,0.011212251278013449
1,2018-01-15,0.01120698212592641
1,2018-01-16,0.011202876627144358
1,2018-01-17,0.011200294245377595
1,2018-01-18,0.011200112179778959
1,2018-01-19,0.011202743723978479
1,2018-01-20,0.011207572738595791
1,2018-01-21,0.011213850698891643
1,2018-01-22,0.011220770224556012
1,2018-01-23,0.011227282769337567
1,2018-01-24,0.011231249284514837
1,2018-01-25,0.011231642199895047
1,2018-01-26,0.01122970288966301
1,2018-01-27,0.01122701861983512
1,2018-01-28,0.011224074109523075
1,2018-01-29,0.011219660886876604
1,2018-01-30,0.011213940287681573
1,2018-01-31,0.011207628145357454
1,2018-02-01,0.01120307449399792
1,2018-02-02,0.01120153620650529
1,2018-02-03,0.011202845472438678
1,2018-02-04,0.011206901620582039
1,2018-02-05,0.011213592489982783
1,2018-02-06,0.011222177312315694
1,2018-02-07,0.011229980784291592
1,2018-02-08,0.011234695795289337
1,2018-02-09,0.011236880150272653
1,2018-02-10,0.011238791188196179
1,2018-02-11,0.011241208476920747
1,2018-02-12,0.011243260849138405
1,2018-02-13,0.01124640443280331
1,2018-02-14,0.01125196780926423
1,2018-02-15,0.011261318775014191
1,2018-02-16,0.011274159391153601
1,2018-02-17,0.011289059660990823
1,2018-02-18,0.011306906291841189
1,2018-02-19,0.011327912184482244
1,2018-02-20,0.01135034163966014
1,2018-02-21,0.011369164215026161
1,2018-02-22,0.01138181642480282
1,2018-02-23,0.011387971356403804
1,2018-02-24,0.01139023303111016
1,2018-02-25,0.011391331238133085
1,2018-02-26,0.011390890967027615
1,2018-02-27,0.011389645600996676
1,2018-02-28,0.011387253695706898
1,2018-03-01,0.011384193472572314
1,2018-03-02,0.011380361908735842
1,2018-03-03,0.011375932828697031
1,2018-03-04,0.011374185720951538
1,2018-03-05,0.011376316731468538
1,2018-03-06,0.011382388451151056
1,2018-03-07,0.011388719490219452
1,2018-03-08,0.01139252520359749
1,2018-03-09,0.011392675675421113
1,2018-03-10,0.011389749715169985
1,2018-03-11,0.01138665404324517
1,2018-03-12,0.011383887607137657
1,2018-03-13,0.011382288644566094
1,2018-03-14,0.011381549275122587
1,2018-03-15,0.011380971790452263
1,2018-03-16,0.011379223286920953
1,2018-03-17,0.011376713336535619
1,2018-03-18,0.011375874832208472
1,2018-03-19,0.011376685569757515
1,2018-03-20,0.011378386190384268
1,2018-03-21,0.011377772749169532
1,2018-03-22,0.011373387392616665
1,2018-03-23,0.011366755249276616
1,2018-03-24,0.011360728183994688
1,2018-03-25,0.011358656973268889
1,2018-03-26,0.011359976447560264
1,2018-03-27,0.011364274265559615
1,2018-03-28,0.011370948860547948
1,2018-03-29,0.01138042670162285
1,2018-03-30,0.011393491098588308
1,2018-03-31,0.011410635129808047
1,2018-04-01,0.011430402173517148
1,2018-04-02,0.011449866965232926
1,2018-04-03,0.011466708638654496
1,2018-04-04,0.01147760234040368
1,2018-04-05,0.011483497816604581
1,2018-04-06,0.011486431296576297
1,2018-04-07,0.011490020942586136
1,2018-04-08,0.011496480915038501
1,2018-04-09,0.011504883785427588
1,2018-04-10,0.011514648716035636
1,2018-04-11,0.011525456027575737
1,2018-04-12,0.011539146501333095
1,2018-04-13,0.011557152188716419
1,2018-04-14,0.011578757921917676
1,2018-04-15,0.011600161300112
1,2018-04-16,0.011616576819013652
1,2018-04-17,0.011625476207189834
1,2018-04-18,0.011622228354538734
1,2018-04-19,0.011608163351393197
1,2018-04-20,0.011586566787627591
1,2018-04-21,0.01156221233215306
1,2018-04-22,0.011540379457669335
1,2018-04-23,0.01151964956442765
1,2018-04-24,0.011498615883694045
1,2018-04-25,0.011477477460570715
1,2018-04-26,0.011460377290970965
1,2018-04-27,0.011450925674268402
1,2018-04-28,0.011450275271027167
1,2018-04-29,0.011457626559817332
1,2018-04-30,0.01147031387584003
1,2018-05-01,0.011484307641240006
1,2018-05-02,0.01149283941732727
1,2018-05-03,0.011497129014600913
1,2018-05-04,0.011500319711151596
1,2018-05-05,0.011505534062799557
1,2018-05-06,0.01151365370882227
1,2018-05-07,0.011519617463810038
1,2018-05-08,0.01151885637168741
1,2018-05-09,0.01151034365565057
1,2018-05-10,0.011499946548548523
1,2018-05-11,0.01149225137647889
1,2018-05-12,0.011490203976475034
1,2018-05-13,0.01149598633045939
1,2018-05-14,0.011509173244800712
1,2018-05-15,0.011526733561459992
1,2018-05-16,0.011543562401708759
1,2018-05-17,0.011559900376473139
1,2018-05-18,0.011577909002367676
1,2018-05-19,0.011598881329709421
1,2018-05-20,0.011622194666742884
1,2018-05-21,0.011642442113474195
1,2018-05-22,0.011655240909373086
1,2018-05-23,0.01166003979353804
1,2018-05-24,0.01166157904240238
1,2018-05-25,0.011663519697326916
1,2018-05-26,0.011668136720462094
1,2018-05-27,0.011676896113425058
1,2018-05-28,0.011688908385219996
1,2018-05-29,0.011699261776243692
1,2018-05-30,0.011701286666271226
1,2018-05-31,0.011695978723099057
1,2018-06-01,0.011687745652295262
1,2018-06-02,0.011680936642754328
1,2018-06-03,0.011677578475796067
1,2018-06-04,0.011677537528093076
1,2018-06-05,0.01167844108751906
1,2018-06-06,0.011678344392962127
1,2018-06-07,0.011679801956977456
1,2018-06-08,0.01168540215657024
1,2018-06-09,0.011695696161667784
1,2018-06-10,0.011709041724217203
1,2018-06-11,0.011721036348253519
1,2018-06-12,0.011729163432051522
1,2018-06-13,0.011731973042043375
1,2018-06-14,0.011729758012114063
1,2018-06-15,0.01172599299080079
1,2018-06-16,0.011724385763547023
1,2018-06-17,0.011725930034716637
1,2018-06-18,0.01173214358782897
1,2018-06-19,0.011741858847368659
1,2018-06-20,0.01175178049698139
1,2018-06-21,0.011760272303631705
1,2018-06-22,0.01176797181464936
1,2018-06-23,0.011775392602737494
1,2018-06-24,0.01178077936994231
1,2018-06-25,0.011782282359931966
1,2018-06-26,0.011780984936138142
1,2018-06-27,0.011778748207053399
1,2018-06-28,0.011775347517106405
1,2018-06-29,0.011771588632599497
1,2018-06-30,0.011768964464815797
1,2018-07-01,0.011767995598973222
1,2018-07-02,0.01176849647306596
1,2018-07-03,0.011768792377480825
1,2018-07-04,0.011765776723930513
1,2018-07-05,0.011758008095580525
1,2018-07-06,0.011745357073522169
1,2018-07-07,0.011729506657775514
1,2018-07-08,0.01171147390169515
1,2018-07-09,0.011691366891820886
1,2018-07-10,0.01166983080351327
1,2018-07-11,0.011648100002157555
1,2018-07-12,0.01162848244077525
1,2018-07-13,0.011613239005537073
1,2018-07-14,0.01160304911360823
1,2018-07-15,0.011595410519071026
1,2018-07-16,0.011585424051219324
1,2018-07-17,0.011569009179651311
1,2018-07-18,0.011544921184318336
1,2018-07-19,0.011517005303789045
1,2018-07-20,0.011487430468589906
1,2018-07-21,0.011459450914151384
1,2018-07-22,0.0114370339370353
1,2018-07-23,0.011419787251507439
1,2018-07-24,0.011406213342774418
1,2018-07-25,0.0113953307072702
1,2018-07-26,0.011390418550198194
1,2018-07-27,0.011395582938738824
1,2018-07-28,0.011410855716695171
1,2018-07-29,0.011431998672454004
1,2018-07-30,0.011452614932179061
1,2018-07-31,0.01146669469101811
1,2018-08-01,0.011472322231100025
1,2018-08-02,0.011474292661889585
1,2018-08-03,0.011474491318929528
1,2018-08-04,0.01147505024553999
1,2018-08-05,0.011481726107652782
1,2018-08-06,0.01149468330526292
1,2018-08-07,0.011509046389262674
1,2018-08-08,0.011517685143519998
1,2018-08-09,0.011521598301827196
1,2018-08-10,0.011527890636277405
1,2018-08-11,0.011539070153428739
1,2018-08-12,0.011551012239354522
1,2018-08-13,0.011560021041850091
1,2018-08-14,0.011561035369919804
1,2018-08-15,0.01155104810638044
1,2018-08-16,0.011533843508644217
1,2018-08-17,0.011513807342534866
1,2018-08-18,0.011493103355099217
1,2018-08-19,0.01147664595101988
1,2018-08-20,0.011467161134536151
1,2018-08-21,0.011460938743347636
1,2018-08-22,0.011452704123443225
1,2018-08-23,0.011444625310069359
1,2018-08-24,0.011443300581809177
1,2018-08-25,0.011452313977423531
1,2018-08-26,0.01146820262378957
1,2018-08-27,0.011486322644094
1,2018-08-28,0.01150063893769501
1,2018-08-29,0.011505900379015195
1,2018-08-30,0.011500062289097307
1,2018-08-31,0.011483579511496273
1,2018-09-01,0.011459443746453055
1,2018-09-02,0.011433751663596186
1,2018-09-03,0.011412494782979704
1,2018-09-04,0.011395126852721283
1,2018-09-05,0.011377569945766424
1,2018-09-06,0.011360664689449324
1,2018-09-07,0.011349525818469973
1,2018-09-08,0.011346886053856874
1,2018-09-09,0.01135156474277355
1,2018-09-10,0.011361846581667402
1,2018-09-11,0.011373710155432534
1,2018-09-12,0.011382576473339462
1,2018-09-13,0.011382987551457816
1,2018-09-14,0.011371757689072568
1,2018-09-15,0.011350570353186125
1,2018-09-16,0.01132501243917771
1,2018-09-17,0.011301308511999569
1,2018-09-18,0.011281290356243354
1,2018-09-19,0.011264223993024585
1,2018-09-20,0.011251734192610987
1,2018-09-21,0.011246339530660373
1,2018-09-22,0.011248761519407189
1,2018-09-23,0.011257160861964053
1,2018-09-24,0.011268987156692757
1,2018-09-25,0.01128108173591697
1,2018-09-26,0.011290792482127823
1,2018-09-27,0.011292343207535445
1,2018-09-28,0.01128190616820167
1,2018-09-29,0.011261721166289044
1,2018-09-30,0.011237308116824286
1,2018-10-01,0.011214192936651034
1,2018-10-02,0.01119490752373671
1,2018-10-03,0.011180412314208072
1,2018-10-04,0.01117202832442542
1,2018-10-05,0.011169695773882493
1,2018-10-06,0.011172442587894925
1,2018-10-07,0.011178784037209857
1,2018-10-08,0.01118640618809201
1,2018-10-09,0.011192897664406799
1,2018-10-10,0.011197222380017512
1,2018-10-11,0.011196635716190085
1,2018-10-12,0.011188560504794812
1,2018-10-13,0.01117438096236501
1,2018-10-14,0.011157898397577668
1,2018-10-15,0.011142815411964596
1,2018-10-16,0.011130970918791127
1,2018-10-17,0.011122762818696588
1,2018-10-18,0.011118038509580368
1,2018-10-19,0.011115137146662069
1,2018-10-20,0.01111268733762043
1,2018-10-21,0.01110963969875163
1,2018-10-22,0.011105332220455575
1,2018-10-23,0.011099268043876538
1,2018-10-24,0.011092927651335
1,2018-10-25,0.011087075670410689
1,2018-10-26,0.011080665702608808
1,2018-10-27,0.011074041344981913
1,2018-10-28,0.01106879093565357
1,2018-10-29,0.01106582853217546
1,2018-10-30,0.01106498443671979
1,2018-10-31,0.011065891559038194
1,2018-11-01,0.011068639043235757
1,2018-11-02,0.011072157289535787
1,2018-11-03,0.011075641526046377
1,2018-11-04,0.011078042841370192
1,2018-11-05,0.011078508760160423
1,2018-11-06,0.01107663351353543
1,2018-11-07,0.011073453900928159
1,2018-11-08,0.0110700433625211
1,2018-11-09,0.011066706369912565
1,2018-11-10,0.011064167622819523
1,2018-11-11,0.01106322388221987
1,2018-11-12,0.011064336945376044
1,2018-11-13,0.011067516467721963
1,2018-11-14,0.011072376731950337
1,2018-11-15,0.011078359217396137
1,2018-11-16,0.011084568939154183
1,2018-11-17,0.01109096606995062
1,2018-11-18,0.011098019379866628
1,2018-11-19,0.011106172018072865
1,2018-11-20,0.011115574194996205
1,2018-11-21,0.011125965724054056
1,2018-11-22,0.011136514681337617
1,2018-11-23,0.011146013397589917
1,2018-11-24,0.01115457241262689
1,2018-11-25,0.011162155011908053
1,2018-11-26,0.011168217292753168
1,2018-11-27,0.01117210407947653
1,2018-11-28,0.011173495233719844
1,2018-11-29,0.01117200389137476
1,2018-11-30,0.011167603990938092
1,2018-12-01,0.011161121074713272
1,2018-12-02,0.011153456627096615
1,2018-12-03,0.01114568616956662
1,2018-12-04,0.01113935481639324
1,2018-12-05,0.011135429131590779
1,2018-12-06,0.011133390482104369
1,2018-12-07,0.011131963138662921
1,2018-12-08,0.011130653607455875
1,2018-12-09,0.011128712133339451
1,2018-12-10,0.011125935322612229
1,2018-12-11,0.011122652636532828
1,2018-12-12,0.011119908684785058
1,2018-12-13,0.01111812650894475
1,2018-12-14,0.0111172251469103
1,2018-12-15,0.011117337931564976
1,2018-12-16,0.0111181588574755
1,2018-12-17,0.011119186691785013
1,2018-12-18,0.01112088580787566
1,2018-12-19,0.011123666363770424
1,2018-12-20,0.011126698518200674
1,2018-12-21,0.011128818708697653
1,2018-12-22,0.011129898677056455
1,2018-12-23,0.011129355137482436
1,2018-12-24,0.011127696022527951
1,2018-12-25,0.011126261776788696
1,2018-12-26,0.011127065895225519
1,2018-12-27,0.011130813284730699
1,2018-12-28,0.011136761715637532
1,2018-12-29,0.011144212082874791
1,2018-12-30,0.011152171627915411
1,2018-12-31,0.011159821945661957
1,2019-01-01,0.011167550838964778
1,2019-01-02,0.01117578189669866
1,2019-01-03,0.011184873082491354
1,2019-01-04,0.011194003875814242
1,2019-01-05,0.011202999321088307
1,2019-01-06,0.011210801113798926
1,2019-01-07,0.011216785194865046
1,2019-01-08,0.011220809817495644
1,2019-01-09,0.011223635463288986
1,2019-01-10,0.011225266323350823
1,2019-01-11,0.01122548096099805
1,2019-01-12,0.011224080147174086
1,2019-01-13,0.011220808889215898
1,2019-01-14,0.011215801425620743
1,2019-01-15,0.011209745520168596
1,2019-01-16,0.011203872466912918
1,2019-01-17,0.011200053020275342
1,2019-01-18,0.01119871200910988
1,2019-01-19,0.011200260981820922
1,2019-01-20,0.01120353661988553
1,2019-01-21,0.011207494509062128
1,2019-01-22,0.011211164704745638
1,2019-01-23,0.011214717654904545
1,2019-01-24,0.011218250262162397
1,2019-01-25,0.011221812906929723
1,2019-01-26,0.011225569201131306
1,2019-01-27,0.011229256614508475
1,2019-01-28,0.011232748720125734
1,2019-01-29,0.011235781236296098
1,2019-01-30,0.01123792188653475
1,2019-01-31,0.01124001566062385
1,2019-02-01,0.011241923890658584
1,2019-02-02,0.011244958323246302
1,2019-02-03,0.011248610531368127
1,2019-02-04,0.011252108665034406
1,2019-02-05,0.011253690920171328
1,2019-02-06,0.011253118119308708
1,2019-02-07,0.011250469779895387
1,2019-02-08,0.01124635868534602
1,2019-02-09,0.01124137378625636
1,2019-02-10,0.011236270898625268
1,2019-02-11,0.01123218418130147
1,2019-02-12,0.011229346845376392
1,2019-02-13,0.01122763937555733
1,2019-02-14,0.01122766378623854
1,2019-02-15,0.011229185096483374
1,2019-02-16,0.01123337264434983
1,2019-02-17,0.011240460053422115
1,2019-02-18,0.011249311030525995
1,2019-02-19,0.011257460416986149
1,2019-02-20,0.011263646370244677
1,2019-02-21,0.01126796869303618
1,2019-02-22,0.011270549149561125
1,2019-02-23,0.011271340801561891
1,2019-02-24,0.01127004167115141
1,2019-02-25,0.011267958745369707
1,2019-02-26,0.011265556568718417
1,2019-02-27,0.011263110789994929
1,2019-02-28,0.011260370831786767
1,2019-03-01,0.01125718844995799
1,2019-03-02,0.011256389653088006
1,2019-03-03,0.011258457106156364
1,2019-03-04,0.01126250154841339
1,2019-03-05,0.011265948575901484
1,2019-03-06,0.011267703534049532
1,2019-03-07,0.011266604543277797
1,2019-03-08,0.011262355263732942
1,2019-03-09,0.01125532713925198
1,2019-03-10,0.011246419952189314
1,2019-03-11,0.01123810380646333
1,2019-03-12,0.011231991948254638
1,2019-03-13,0.01122864143388597
1,2019-03-14,0.011227897917746461
1,2019-03-15,0.011229297769433029
1,2019-03-16,0.011234364605889457
1,2019-03-17,0.011242757794648605
1,2019-03-18,0.011253139100195797
1,2019-03-19,0.011263967512122313
1,2019-03-20,0.011273760129807023
1,2019-03-21,0.01128020995250734
1,2019-03-22,0.011281782389185754
1,2019-03-23,0.011278613656147076
1,2019-03-24,0.011271427326704775
1,2019-03-25,0.011263266544632337
1,2019-03-26,0.011255271608324523
1,2019-03-27,0.01124890142310867
1,2019-03-28,0.0112450600096925
1,2019-03-29,0.011244443634281686
1,2019-03-30,0.011248539758109143
1,2019-03-31,0.011256267618279352
1,2019-04-01,0.0112667448006343
1,2019-04-02,0.011279884376646404
1,2019-04-03,0.011295272432547548
1,2019-04-04,0.011310089085213802
1,2019-04-05,0.011322553616874977
1,2019-04-06,0.011331876594248277
1,2019-04-07,0.011337324585398673
1,2019-04-08,0.011340592037028014
1,2019-04-09,0.0113411938462322
1,2019-04-10,0.011340547699278601
1,2019-04-11,0.011339690592030436
1,2019-04-12,0.011339783829425342
1,2019-04-13,0.011342736636085374
1,2019-04-14,0.011346888152309328
1,2019-04-15,0.01135180524008306
1,2019-04-16,0.011357536941602275
1,2019-04-17,0.011364637526515993
1,2019-04-18,0.011372332656956998
1,2019-04-19,0.011379225226231512
1,2019-04-20,0.011383143358549236
1,2019-04-21,0.011381610898975514
1,2019-04-22,0.01137605308054608
1,2019-04-23,0.01136638711330411
1,2019-04-24,0.011354614682080795
1,2019-04-25,0.011341896585967029
1,2019-04-26,0.011327743540765435
1,2019-04-27,0.011314472680893176
1,2019-04-28,0.01130098552633447
1,2019-04-29,0.011289458238855075
1,2019-04-30,0.011280981997832465
1,2019-05-01,0.011276183464697803
1,2019-05-02,0.011275151176530945
1,2019-05-03,0.01127769060781619
1,2019-05-04,0.011284522215071762
1,2019-05-05,0.011294342308054048
1,2019-05-06,0.01130887206980643
1,2019-05-07,0.011328678754117772
1,2019-05-08,0.01135470811483675
1,2019-05-09,0.011384547818103285
1,2019-05-10,0.011414433421660397
1,2019-05-11,0.011443377666705406
1,2019-05-12,0.011468879113484879
1,2019-05-13,0.011490521015449848
1,2019-05-14,0.011508461902354302
1,2019-05-15,0.011522986137598421
1,2019-05-16,0.01153249012548288
1,2019-05-17,0.011535943332102583
1,2019-05-18,0.011536404312987277
1,2019-05-19,0.01153524999839358
1,2019-05-20,0.011535067911410376
1,2019-05-21,0.011535964613560327
1,2019-05-22,0.011538857929833803
1,2019-05-23,0.011544831808255208
1,2019-05-24,0.011552447320019749
1,2019-05-25,0.011560264319315875
1,2019-05-26,0.011565039554117753
1,2019-05-27,0.01156656718407306
1,2019-05-28,0.011565611933076756
1,2019-05-29,0.011562392822446704
1,2019-05-30,0.011553479123402264
1,2019-05-31,0.01153812703010086
1,2019-06-01,0.01152084639143988
1,2019-06-02,0.011503513620086172
1,2019-06-03,0.011489084293071532
1,2019-06-04,0.011477080448595106
1,2019-06-05,0.011467925723480892
1,2019-06-06,0.01146311146950082
1,2019-06-07,0.011463034860723392
1,2019-06-08,0.011464838563908461
1,2019-06-09,0.011462885340659763
1,2019-06-10,0.011457508481789586
1,2019-06-11,0.011450463138835467
1,2019-06-12,0.011442153736599004
1,2019-06-13,0.011431381852491257
1,2019-06-14,0.011418211600642129
1,2019-06-15,0.01140505632001784
1,2019-06-16,0.011393798038959577
1,2019-06-17,0.011387907718749554
1,2019-06-18,0.011387615537593224
1,2019-06-19,0.011392870364436473
1,2019-06-20,0.011403634944214404
1,2019-06-21,0.011419100181343617
1,2019-06-22,0.01143381654941925
1,2019-06-23,0.011441165451012961
1,2019-06-24,0.011442365985394101
1,2019-06-25,0.011441015684539714
1,2019-06-26,0.011438292186851436
1,2019-06-27,0.011433366584678655
1,2019-06-28,0.011425983967435178
1,2019-06-29,0.011418300729118577
1,2019-06-30,0.011412704335169627
1,2019-07-01,0.011412356153329117
1,2019-07-02,0.011417131031754879
1,2019-07-03,0.011427815887115337
1,2019-07-04,0.011444064520262988
1,2019-07-05,0.011463826992006695
1,2019-07-06,0.011479585178782309
1,2019-07-07,0.011482948790686155
1,2019-07-08,0.011475966234449946
1,2019-07-09,0.011465391334294245
1,2019-07-10,0.01145525210610223
1,2019-07-11,0.011446676895613508
1,2019-07-12,0.01143992837991201
1,2019-07-13,0.011437932435371629
1,2019-07-14,0.01144330955071564
1,2019-07-15,0.011458103772809905
1,2019-07-16,0.011481850259613943
1,2019-07-17,0.011515147096488744
1,2019-07-18,0.011556617384289206
1,2019-07-19,0.011602493054959721
1,2019-07-20,0.011645950304029262
1,2019-07-21,0.011680292193154286
1,2019-07-22,0.011703974386719702
1,2019-07-23,0.011719339971017045
1,2019-07-24,0.011728241978941954
1,2019-07-25,0.011730648820827987
1,2019-07-26,0.01172737901923482
1,2019-07-27,0.011722143535457256
1,2019-07-28,0.011718021565057208
1,2019-07-29,0.011715980501629102
1,2019-07-30,0.011714230640629352
1,2019-07-31,0.011714275228315772
1,2019-08-01,0.011720537774133486
1,2019-08-02,0.011732434771634827
1,2019-08-03,0.011744501881623974
1,2019-08-04,0.011750187703834878
1,2019-08-05,0.0117482389286451
1,2019-08-06,0.011740039746859587
1,2019-08-07,0.011726986306603723
1,2019-08-08,0.01171096530257667
1,2019-08-09,0.011693917697089322
1,2019-08-10,0.011678844926658018
1,2019-08-11,0.011667961063951831
1,2019-08-12,0.011662703234744465
1,2019-08-13,0.011662790245404961
1,2019-08-14,0.011668905163992847
1,2019-08-15,0.011683742134326358
1,2019-08-16,0.011705180318691834
1,2019-08-17,0.011728952140835996
1,2019-08-18,0.011749356240800628
1,2019-08-19,0.011764691715328842
1,2019-08-20,0.011776067424499674
1,2019-08-21,0.011780732629218818
1,2019-08-22,0.011775866125806483
1,2019-08-23,0.01176030177580494
1,2019-08-24,0.011735570039808038
1,2019-08-25,0.01170646615079684
1,2019-08-26,0.011675772016108569
1,2019-08-27,0.011643964905792125
1,2019-08-28,0.011614422631027108
1,2019-08-29,0.011593641030264232
1,2019-08-30,0.011584364889079393
1,2019-08-31,0.011585234659494468
1,2019-09-01,0.01159022646415033
1,2019-09-02,0.011595379059328522
1,2019-09-03,0.011599231313626864
1,2019-09-04,0.011600271260248771
1,2019-09-05,0.011596727446116282
1,2019-09-06,0.011585121625987444
1,2019-09-07,0.011565011766288177
1,2019-09-08,0.01153919815693077
1,2019-09-09,0.011509212154290136
1,2019-09-10,0.011475685773344976
1,2019-09-11,0.011441032978191623
1,2019-09-12,0.011410994254073171
1,2019-09-13,0.011388949414490758
1,2019-09-14,0.0113746233591674
1,2019-09-15,0.011363579533172316
1,2019-09-16,0.011352693031256172
1,2019-09-17,0.01134152220604296
1,2019-09-18,0.011331246854395757
1,2019-09-19,0.011322741489449248
1,2019-09-20,0.011315225736032107
1,2019-09-21,0.011307100204362949
1,2019-09-22,0.011299348090272183
1,2019-09-23,0.011293831467492356
1,2019-09-24,0.011291182806622358
1,2019-09-25,0.011291015132247178
1,2019-09-26,0.011294640111398453
1,2019-09-27,0.011302396617359748
1,2019-09-28,0.0113138144658964
1,2019-09-29,0.011326424775999011
1,2019-09-30,0.01133934486824964
1,2019-10-01,0.011352319464085511
1,2019-10-02,0.01136382884270645
1,2019-10-03,0.011371201568998034
1,2019-10-04,0.011371607921956146
1,2019-10-05,0.011364692619425527
1,2019-10-06,0.011353693461628908
1,2019-10-07,0.011342480273544677
1,2019-10-08,0.011332610328211921
1,2019-10-09,0.011323990505160534
1,2019-10-10,0.011319236715192587
1,2019-10-11,0.01131818848724966
1,2019-10-12,0.011320005817057593
1,2019-10-13,0.011323367093395771
1,2019-10-14,0.011328895785299409
1,2019-10-15,0.011336905680205022
1,2019-10-16,0.011343862861370126
1,2019-10-17,0.011344968182578095
1,2019-10-18,0.011335897624855124
1,2019-10-19,0.011317888750282766
1,2019-10-20,0.011297552174643195
1,2019-10-21,0.011279813462398697
1,2019-10-22,0.011266415673738598
1,2019-10-23,0.01125740828101247
1,2019-10-24,0.011255387454869103
1,2019-10-25,0.01126204797513776
1,2019-10-26,0.011277430745290737
1,2019-10-27,0.01129978623106013
1,2019-10-28,0.011327962462389023
1,2019-10-29,0.011361887498029822
1,2019-10-30,0.01139558661852081
1,2019-10-31,0.011421129945269283
1,2019-11-01,0.011432013255385651
1,2019-11-02,0.011427945030715592
1,2019-11-03,0.011416911949990833
1,2019-11-04,0.011403612248425314
1,2019-11-05,0.011387801332285907
1,2019-11-06,0.011369231451840607
1,2019-11-07,0.011351284544526968
1,2019-11-08,0.011339571700981562
1,2019-11-09,0.011337327182987925
1,2019-11-10,0.011343430282542316
1,2019-11-11,0.011354218788653425
1,2019-11-12,0.01136761331230062
1,2019-11-13,0.011382129257959422
1,2019-11-14,0.011394394107929072
1,2019-11-15,0.011399223275327754
1,2019-11-16,0.011396316368960374
1,2019-11-17,0.011390988247486826
1,2019-11-18,0.011386070865395188
1,2019-11-19,0.011381921693623844
1,2019-11-20,0.011379045050715101
1,2019-11-21,0.011379937574217543
1,2019-11-22,0.011387059634021073
1,2019-11-23,0.011399537318137233
1,2019-11-24,0.01141478107636795
1,2019-11-25,0.011432097948879186
1,2019-11-26,0.011452311289600715
1,2019-11-27,0.011473347008845912
1,2019-11-28,0.01149076340266275
1,2019-11-29,0.011499874236524266
1,2019-11-30,0.011499010721453498
1,2019-12-01,0.011492332606631244
1,2019-12-02,0.01148300975992628
1,2019-12-03,0.011471710850905004
1,2019-12-04,0.011460474506036857
1,2019-12-05,0.011452334167749234
1,2019-12-06,0.011449934530154552
1,2019-12-07,0.011451118928082314
1,2019-12-08,0.011452522352234245
1,2019-12-09,0.011453781856874873
1,2019-12-10,0.01145557908982379
1,2019-12-11,0.01145880839974089
1,2019-12-12,0.011461422361054014
1,2019-12-13,0.011459398055788354
1,2019-12-14,0.011450922792943784
1,2019-12-15,0.011437974486746804
1,2019-12-16,0.011422269494436194
1,2019-12-17,0.011404083236967956
1,2019-12-18,0.011385604095137749
1,2019-12-19,0.011368837549386954
1,2019-12-20,0.011355992453750432
1,2019-12-21,0.01134647733503238
1,2019-12-22,0.011339003724278757
1,2019-12-23,0.011333396400455423
1,2019-12-24,0.01132902794141247
1,2019-12-25,0.01132672115515557
1,2019-12-26,0.01132622731468309
1,2019-12-27,0.011326527774414903
1,2019-12-28,0.011327643047809477
1,2019-12-29,0.011329587831028191
1,2019-12-30,0.011332539009784306
1,2019-12-31,0.011336047900146744
1,2020-01-01,0.011340876691063878
1,2020-01-02,0.011348252623694644
1,2020-01-03,0.011358128707330202
1,2020-01-04,0.011367649515533035
1,2020-01-05,0.011373487186616864
1,2020-01-06,0.011376151351580727
1,2020-01-07,0.011376361838129618
1,2020-01-08,0.011374573810508692
1,2020-01-09,0.011370411691218918
1,2020-01-10,0.011364364250324345
1,2020-01-11,0.011357743152862093
1,2020-01-12,0.011351836025464397
1,2020-01-13,0.011348480639422606
1,2020-01-14,0.011347731634906199
1,2020-01-15,0.011348256240736636
1,2020-01-16,0.011348954160667534
1,2020-01-17,0.011349426628204562
1,2020-01-18,0.011348979874751843
1,2020-01-19,0.011347235147458001
1,2020-01-20,0.011344320568036645
1,2020-01-21,0.011340100258003053
1,2020-01-22,0.011334993775487363
1,2020-01-23,0.011328854277599316
1,2020-01-24,0.01132125150010541
1,2020-01-25,0.011311581981783867
1,2020-01-26,0.011300275463200645
1,2020-01-27,0.011289104363660128
1,2020-01-28,0.011279174165901337
1,2020-01-29,0.011270531577063647
1,2020-01-30,0.011262997744300878
1,2020-01-31,0.011256537597016319
1,2020-02-01,0.01125113396542037
1,2020-02-02,0.01124730673901368
1,2020-02-03,0.011245853201968106
1,2020-02-04,0.011247854252584273
1,2020-02-05,0.011254010289717988
1,2020-02-06,0.011264352879373498
1,2020-02-07,0.011277666895663948
1,2020-02-08,0.011290869094306124
1,2020-02-09,0.011301813339428325
1,2020-02-10,0.011309751495095279
1,2020-02-11,0.011314990498266618
1,2020-02-12,0.01131798875470043
1,2020-02-13,0.011318347695797398
1,2020-02-14,0.011317006961528379
1,2020-02-15,0.011315220268859448
1,2020-02-16,0.011313326288310697
1,2020-02-17,0.011312844174483158
1,2020-02-18,0.0113148545098268
1,2020-02-19,0.011319558095975428
1,2020-02-20,0.011327501033097716
1,2020-02-21,0.011339170821285991
1,2020-02-22,0.011351871470776945
1,2020-02-23,0.011363444613716111
1,2020-02-24,0.011371178688152388
1,2020-02-25,0.01137390717010979
1,2020-02-26,0.011372365570636901
1,2020-02-27,0.011367039446893169
1,2020-02-28,0.011360664223961025
1,2020-02-29,0.011355712476487775
1,2020-03-01,0.011351354765176257
1,2020-03-02,0.011347033658537677
1,2020-03-03,0.01134217312445758
1,2020-03-04,0.011336685260717998
1,2020-03-05,0.011331630189180132
1,2020-03-06,0.011330056923605064
1,2020-03-07,0.011332702719147469
1,2020-03-08,0.01133865830130518
1,2020-03-09,0.011344764314408815
1,2020-03-10,0.011348909295080832
1,2020-03-11,0.011350988096704862
1,2020-03-12,0.0113521578390169
1,2020-03-13,0.01135447746991728
1,2020-03-14,0.011358438755361884
1,2020-03-15,0.01136158978302338
1,2020-03-16,0.01136179140739405
1,2020-03-17,0.011358221211110178
1,2020-03-18,0.011351956785468548
1,2020-03-19,0.01134461312734926
1,2020-03-20,0.011339659616927752
1,2020-03-21,0.011338927432035394
1,2020-03-22,0.011342484004933822
1,2020-03-23,0.011347751508144923
1,2020-03-24,0.011352898211787898
1,2020-03-25,0.01135702588196515
1,2020-03-26,0.011360340467492392
1,2020-03-27,0.011364154324813306
1,2020-03-28,0.011368763933493764
1,2020-03-29,0.011373578109719985
1,2020-03-30,0.011378301523709475
1,2020-03-31,0.011383661596212982
1,2020-04-01,0.01139028205986875
1,2020-04-02,0.011398480238104724
1,2020-04-03,0.011409080175714452
1,2020-04-04,0.011421024370382947
1,2020-04-05,0.011433572648201185
1,2020-04-06,0.011445622802676551
1,2020-04-07,0.011456683559179653
1,2020-04-08,0.011465411349595278
1,2020-04-09,0.01147067752014617
1,2020-04-10,0.011473317289243305
1,2020-04-11,0.011474669581549024
1,2020-04-12,0.011474294784830617
1,2020-04-13,0.01147137461835182
1,2020-04-14,0.011465624271138435
1,2020-04-15,0.011458828377482315
1,2020-04-16,0.011453360317679162
1,2020-04-17,0.011452658168701483
1,2020-04-18,0.011456516102283728
1,2020-04-19,0.011463490422385291
1,2020-04-20,0.011471990210661238
1,2020-04-21,0.011481521852272655
1,2020-04-22,0.011488092009433236
1,2020-04-23,0.011487664131065358
1,2020-04-24,0.011479418366997559
1,2020-04-25,0.011465982381838147
1,2020-04-26,0.011449332050283138
1,2020-04-27,0.011430578993014516
1,2020-04-28,0.011408715577607248
1,2020-04-29,0.011384097518610742
1,2020-04-30,0.01136068362021253
1,2020-05-01,0.011345204631483571
1,2020-05-02,0.011339061837238047
1,2020-05-03,0.01134239935718427
1,2020-05-04,0.011353564801071359
1,2020-05-05,0.011370769464485965
1,2020-05-06,0.011388968906770896
1,2020-05-07,0.011402794661501278
1,2020-05-08,0.011410405003277722
1,2020-05-09,0.011413486135220943
1,2020-05-10,0.011414507608480128
1,2020-05-11,0.011414143024043227
1,2020-05-12,0.011410746343388707
1,2020-05-13,0.0114039457427834
1,2020-05-14,0.011396408861413548
1,2020-05-15,0.011393034787538527
1,2020-05-16,0.011395614701802443
1,2020-05-17,0.011404991726599163
1,2020-05-18,0.011418997826293725
1,2020-05-19,0.011435230237983885
1,2020-05-20,0.01144968916389214
1,2020-05-21,0.011458889411207979
1,2020-05-22,0.011462251889486746
1,2020-05-23,0.011461194275234838
1,2020-05-24,0.011457675208595823
1,2020-05-25,0.011451528235397232
1,2020-05-26,0.011441422328173837
1,2020-05-27,0.011428569368227101
1,2020-05-28,0.011414699989989532
1,2020-05-29,0.011404361765491837
1,2020-05-30,0.011400046095956967
1,2020-05-31,0.01140365577821896
1,2020-06-01,0.011412715304394402
1,2020-06-02,0.011424861748337881
1,2020-06-03,0.011436688721553631
1,2020-06-04,0.011445004976063811
1,2020-06-05,0.011448344672331646
1,2020-06-06,0.011446482973261103
1,2020-06-07,0.01144137125505759
1,2020-06-08,0.011433151010904783
1,2020-06-09,0.011421512188015976
1,2020-06-10,0.011407469155144935
1,2020-06-11,0.011392588722419756
1,2020-06-12,0.011379755531905395
1,2020-06-13,0.011371505319404845
1,2020-06-14,0.01137032963804319
1,2020-06-15,0.01137403800604834
1,2020-06-16,0.011380697243737345
1,2020-06-17,0.011389496514977018
1,2020-06-18,0.011400052136531552
1,2020-06-19,0.011412340754324879
1,2020-06-20,0.011425778168575153
1,2020-06-21,0.01143817389238445
1,2020-06-22,0.011447334795271167
1,2020-06-23,0.011451000722225959
1,2020-06-24,0.011449068847679027
1,2020-06-25,0.01144423789955243
1,2020-06-26,0.011440334788449458
1,2020-06-27,0.01143997021176395
1,2020-06-28,0.011443869013823766
1,2020-06-29,0.011450245329558337
1,2020-06-30,0.011458194068282595
1,2020-07-01,0.011466089103273083
1,2020-07-02,0.011472584338151294
1,2020-07-03,0.011477389126987377
1,2020-07-04,0.011480835122790939
1,2020-07-05,0.011481577554234857
1,2020-07-06,0.011476496785021339
1,2020-07-07,0.011462786065681274
1,2020-07-08,0.01144160376434926
1,2020-07-09,0.011419033552278541
1,2020-07-10,0.011398987911422248
1,2020-07-11,0.011383041387271258
1,2020-07-12,0.011371029696538871
1,2020-07-13,0.011361584780941996
1,2020-07-14,0.011354127205053249
1,2020-07-15,0.011347080899477675
1,2020-07-16,0.011338725389646592
1,2020-07-17,0.011328748258440085
1,2020-07-18,0.011318144073265311
1,2020-07-19,0.011306967626375621
1,2020-07-20,0.011293509139914134
1,2020-07-21,0.011275848586000477
1,2020-07-22,0.011256159780861315
1,2020-07-23,0.01123939434970548
1,2020-07-24,0.011226969179485567
1,2020-07-25,0.011217983084539735
1,2020-07-26,0.0112115532488274
1,2020-07-27,0.01120682829402976
1,2020-07-28,0.01120397151354877
1,2020-07-29,0.011203268768791087
1,2020-07-30,0.011203982805258264
1,2020-07-31,0.011205545411369562
1,2020-08-01,0.011208396522734372
1,2020-08-02,0.011212463821086663
1,2020-08-03,0.011215230412788334
1,2020-08-04,0.011213625073062249
1,2020-08-05,0.011210034258907048
1,2020-08-06,0.011208989145042347
1,2020-08-07,0.011214004325905084
1,2020-08-08,0.01122495417047216
1,2020-08-09,0.01123927916844295
1,2020-08-10,0.01125354681733552
1,2020-08-11,0.01126689959403854
1,2020-08-12,0.01127910092256444
1,2020-08-13,0.01129044278297374
1,2020-08-14,0.011301353775658803
1,2020-08-15,0.01131155764974864
1,2020-08-16,0.011319332621101168
1,2020-08-17,0.011320872716739663
1,2020-08-18,0.011313204356173627
1,2020-08-19,0.011300109755944811
1,2020-08-20,0.011287982497429563
1,2020-08-21,0.01128368528189414
1,2020-08-22,0.011288795071738876
1,2020-08-23,0.011299677716826573
1,2020-08-24,0.011310843468402953
1,2020-08-25,0.011322324299627668
1,2020-08-26,0.011336383095247208
1,2020-08-27,0.011354018981986774
1,2020-08-28,0.011375387717050255
1,2020-08-29,0.01139820849472606
1,2020-08-30,0.01141711543738613
1,2020-08-31,0.011425647633876707
1,2020-09-01,0.011421134406429403
1,2020-09-02,0.011408755098423996
1,2020-09-03,0.01139484774281463
1,2020-09-04,0.011387398890130667
1,2020-09-05,0.011389325003202645
1,2020-09-06,0.011397467006529138
1,2020-09-07,0.011407399036994755
1,2020-09-08,0.011419088419701389
1,2020-09-09,0.01143342895775276
1,2020-09-10,0.011448756135437055
1,2020-09-11,0.01146388864583768
1,2020-09-12,0.011476324366311706
1,2020-09-13,0.011480642246878784
1,2020-09-14,0.011472189200040991
1,2020-09-15,0.011451932769009188
1,2020-09-16,0.01142658957673589
1,2020-09-17,0.011402252938118373
1,2020-09-18,0.011384488331048066
1,2020-09-19,0.011375442151544643
1,2020-09-20,0.01137382970867664
1,2020-09-21,0.011376774750291368
1,2020-09-22,0.011384265318203027
1,2020-09-23,0.011396962642462974
1,2020-09-24,0.011412587935045897
1,2020-09-25,0.01142948774741089
1,2020-09-26,0.011445932766910851
1,2020-09-27,0.011458028414404
1,2020-09-28,0.011461506481822648
1,2020-09-29,0.01145549882030886
1,2020-09-30,0.011443136455114663
1,2020-10-01,0.01142806708072862
1,2020-10-02,0.01141535604292263
1,2020-10-03,0.011407378518383955
1,2020-10-04,0.011403467101201423
1,2020-10-05,0.011402296922428595
1,2020-10-06,0.011403563977949237
1,2020-10-07,0.01140717086356621
1,2020-10-08,0.011411273614527435
1,2020-10-09,0.011414566987747723
1,2020-10-10,0.01141692785981553
1,2020-10-11,0.0114172919426017
1,2020-10-12,0.011412978858745461
1,2020-10-13,0.011402064790569943
1,2020-10-14,0.011384916578254602
1,2020-10-15,0.011362002038015434
1,2020-10-16,0.01133732534170133
1,2020-10-17,0.01131424769227276
1,2020-10-18,0.011294372434394873
1,2020-10-19,0.011276750602642773
1,2020-10-20,0.011259711781400391
1,2020-10-21,0.0112430891714314
1,2020-10-22,0.0112277238541239
1,2020-10-23,0.011214481058671209
1,2020-10-24,0.011203675470915391
1,2020-10-25,0.01119467026629958
1,2020-10-26,0.011186468339267928
1,2020-10-27,0.011178401222563588
1,2020-10-28,0.011171001312699538
1,2020-10-29,0.011164471696940778
1,2020-10-30,0.011160205602625794
1,2020-10-31,0.01115878284841858
1,2020-11-01,0.011159920081833639
1,2020-11-02,0.011161687457484613
1,2020-11-03,0.0111633023225115
1,2020-11-04,0.011166389613901173
1,2020-11-05,0.011171923637947135
1,2020-11-06,0.011178854658658945
1,2020-11-07,0.011184203450548675
1,2020-11-08,0.011184312305411576
1,2020-11-09,0.011177442313950953
1,2020-11-10,0.011165306509978448
1,2020-11-11,0.011153225989296843
1,2020-11-12,0.01114458120082133
1,2020-11-13,0.011142666618562266
1,2020-11-14,0.011148368573728877
1,2020-11-15,0.011160086397635112
1,2020-11-16,0.011174535750778477
1,2020-11-17,0.011190254253154617
1,2020-11-18,0.011208130904295401
1,2020-11-19,0.011228994883481037
1,2020-11-20,0.011251642020606457
1,2020-11-21,0.011270483600581607
1,2020-11-22,0.011278419599924684
1,2020-11-23,0.011272755979595157
1,2020-11-24,0.011256883296240387
1,2020-11-25,0.011239379807646705
1,2020-11-26,0.011225550964675613
1,2020-11-27,0.011217846708385564
1,2020-11-28,0.01121585423122677
1,2020-11-29,0.011216977612721495
1,2020-11-30,0.011218290445041738
1,2020-12-01,0.011220823713196538
1,2020-12-02,0.011226031838158455
1,2020-12-03,0.011233752963723125
1,2020-12-04,0.011242766465000041
1,2020-12-05,0.011249152890416204
1,2020-12-06,0.011247013747715114
1,2020-12-07,0.011234365136051843
1,2020-12-08,0.01121473714907216
1,2020-12-09,0.01119608367201785
1,2020-12-10,0.011183247157713115
1,2020-12-11,0.01117656459271287
1,2020-12-12,0.011173999756881197
1,2020-12-13,0.011173010224025554
1,2020-12-14,0.011171561327509641
1,2020-12-15,0.011171448451360814
1,2020-12-16,0.011175157088873644
1,2020-12-17,0.011183080359293947
1,2020-12-18,0.011193505024897172
1,2020-12-19,0.011202899162449462
1,2020-12-20,0.011206456940141253
1,2020-12-21,0.011202088005475288
1,2020-12-22,0.011192331568491767
1,2020-12-23,0.011183222872789349
1,2020-12-24,0.011178472511894157
1,2020-12-25,0.011178211029263278
1,2020-12-26,0.01118112481965258
1,2020-12-27,0.01118514699360619
1,2020-12-28,0.011189153470729057
1,2020-12-29,0.011194616794388901
1,2020-12-30,0.011202317291311159
1,2020-12-31,0.011193539596002028
1,2021-01-01,0.011202858337514433
1,2021-01-02,0.011211285939083503
1,2021-01-03,0.01121660800868762
1,2021-01-04,0.011218392812284103
1,2021-01-05,0.011218183767119846
1,2021-01-06,0.011219333378058947
1,2021-01-07,0.01122355681750949
1,2021-01-08,0.01123002980380466
1,2021-01-09,0.011236960249993676
1,2021-01-10,0.011242700023686547
1,2021-01-11,0.011246034032519784
1,2021-01-12,0.011247416980496347
1,2021-01-13,0.011247805426842103
1,2021-01-14,0.011247809046174789
1,2021-01-15,NA
1,2021-01-16,NA
1,2021-01-17,NA
1,2021-01-18,NA
1,2021-01-19,NA
1,2021-01-20,NA
1,2021-01-21,NA
1,2021-01-22,NA
1,2021-01-23,NA
1,2021-01-24,NA
1,2021-01-25,NA
1,2021-01-26,NA
1,2021-01-27,NA
1,2021-01-28,NA
1,2021-01-29,NA
1,2021-01-30,NA
1,2021-01-31,NA
1,2021-02-01,NA
1,2021-02-02,NA
1,2021-02-03,NA
1,2021-02-04,NA
1,2021-02-05,NA
1,2021-02-06,NA
1,2021-02-07,NA
1,2021-02-08,NA
1,2021-02-09,NA
1,2021-02-10,NA
1,2021-02-11,NA
1,2021-02-12,NA
1,2021-02-13,NA
1,2021-02-14,NA
1,2021-02-15,NA
1,2021-02-16,NA
1,2021-02-17,NA
1,2021-02-18,NA
1,2021-02-19,NA
1,2021-02-20,NA
1,2021-02-21,NA
1,2021-02-22,NA
1,2021-02-23,NA
1,2021-02-24,NA
1,2021-02-25,NA
1,2021-02-26,NA
1,2021-02-27,NA
1,2021-02-28,NA
1,2021-03-01,NA
1,2021-03-02,NA
1,2021-03-03,NA
1,2021-03-04,NA
1,2021-03-05,NA
1,2021-03-06,NA
1,2021-03-07,NA
1,2021-03-08,NA
1,2021-03-09,NA
1,2021-03-10,NA
1,2021-03-11,NA
1,2021-03-12,NA
1,2021-03-13,NA
1,2021-03-14,NA
1,2021-03-15,NA
1,2021-03-16,NA
1,2021-03-17,NA
1,2021-03-18,NA
1,2021-03-19,NA
1,2021-03-20,NA
1,2021-03-21,NA
1,2021-03-22,NA
1,2021-03-23,NA
1,2021-03-24,NA
1,2021-03-25,NA
1,2021-03-26,NA
1,2021-03-27,NA
1,2021-03-28,NA
1,2021-03-29,NA
1,2021-03-30,NA
1,2021-03-31,NA
1,2021-04-01,NA
1,2021-04-02,NA
1,2021-04-03,NA
1,2021-04-04,NA
1,2021-04-05,NA
1,2021-04-06,NA
1,2021-04-07,NA
1,2021-04-08,NA
1,2021-04-09,NA
1,2021-04-10,NA
1,2021-04-11,NA
1,2021-04-12,NA
1,2021-04-13,NA
1,2021-04-14,NA
1,2021-04-15,NA
1,2021-04-16,NA
1,2021-04-17,NA
1,2021-04-18,NA
1,2021-04-19,NA
1,2021-04-20,NA
1,2021-04-21,NA
1,2021-04-22,NA
1,2021-04-23,NA
1,2021-04-24,NA
1,2021-04-25,NA
1,2021-04-26,NA
1,2021-04-27,NA
1,2021-04-28,NA
1,2021-04-29,NA
1,2021-04-30,NA
1,2021-05-01,NA
1,2021-05-02,NA
1,2021-05-03,NA
1,2021-05-04,NA
1,2021-05-05,NA
1,2021-05-06,NA
1,2021-05-07,NA
1,2021-05-08,NA
1,2021-05-09,NA
1,2021-05-10,NA
1,2021-05-11,NA
1,2021-05-12,NA
1,2021-05-13,NA
1,2021-05-14,NA
1,2021-05-15,NA
1,2021-05-16,NA
1,2021-05-17,NA
1,2021-05-18,NA
1,2021-05-19,NA
1,2021-05-20,NA
1,2021-05-21,NA
1,2021-05-22,NA
1,2021-05-23,NA
1,2021-05-24,NA
1,2021-05-25,NA
1,2021-05-26,NA
1,2021-05-27,NA
1,2021-05-28,NA
1,2021-05-29,NA
1,2021-05-30,NA
1,2021-05-31,NA
1,2021-06-01,NA
1,2021-06-02,NA
1,2021-06-03,NA
1,2021-06-04,NA
1,2021-06-05,NA
1,2021-06-06,NA
1,2021-06-07,NA
1,2021-06-08,NA
1,2021-06-09,NA
1,2021-06-10,NA
1,2021-06-11,NA
1,2021-06-12,NA
1,2021-06-13,NA
1,2021-06-14,NA
1,2021-06-15,NA
1,2021-06-16,NA
1,2021-06-17,NA
1,2021-06-18,NA
1,2021-06-19,NA
1,2021-06-20,NA
1,2021-06-21,NA
1,2021-06-22,NA
1,2021-06-23,NA
1,2021-06-24,NA
1,2021-06-25,NA
1,2021-06-26,NA
1,2021-06-27,NA
1,2021-06-28,NA
1,2021-06-29,NA
1,2021-06-30,NA
1,2021-07-01,NA
1,2021-07-02,NA
1,2021-07-03,NA
1,2021-07-04,NA
1,2021-07-05,NA
1,2021-07-06,NA
1,2021-07-07,NA
1,2021-07-08,NA
1,2021-07-09,NA
1,2021-07-10,NA
1,2021-07-11,NA
1,2021-07-12,NA
1,2021-07-13,NA
1,2021-07-14,NA
1,2021-07-15,NA
1,2021-07-16,NA
1,2021-07-17,NA
1,2021-07-18,NA
1,2021-07-19,NA
1,2021-07-20,NA
1,2021-07-21,NA
1,2021-07-22,NA
1,2021-07-23,NA
1,2021-07-24,NA
1,2021-07-25,NA
1,2021-07-26,NA
1,2021-07-27,NA
1,2021-07-28,NA
1,2021-07-29,NA
1,2021-07-30,NA
1,2021-07-31,NA
1,2021-08-01,NA
1,2021-08-02,NA
1,2021-08-03,NA
1,2021-08-04,NA
1,2021-08-05,NA
1,2021-08-06,NA
1,2021-08-07,NA
1,2021-08-08,NA
1,2021-08-09,NA
1,2021-08-10,NA
1,2021-08-11,NA
1,2021-08-12,NA
1,2021-08-13,NA
1,2021-08-14,NA
1,2021-08-15,NA
1,2021-08-16,NA
1,2021-08-17,NA
1,2021-08-18,NA
1,2021-08-19,NA
1,2021-08-20,NA
1,2021-08-21,NA
1,2021-08-22,NA
1,2021-08-23,NA
1,2021-08-24,NA
1,2021-08-25,NA
1,2021-08-26,NA
1,2021-08-27,NA
1,2021-08-28,NA
1,2021-08-29,NA
1,2021-08-30,NA
1,2021-08-31,NA
1,2021-09-01,NA
1,2021-09-02,NA
1,2021-09-03,NA
1,2021-09-04,NA
1,2021-09-05,NA
1,2021-09-06,NA
1,2021-09-07,NA
1,2021-09-08,NA
1,2021-09-09,NA
1,2021-09-10,NA
1,2021-09-11,NA
1,2021-09-12,NA
1,2021-09-13,NA
1,2021-09-14,NA
1,2021-09-15,NA
1,2021-09-16,NA
1,2021-09-17,NA
1,2021-09-18,NA
1,2021-09-19,NA
1,2021-09-20,NA
1,2021-09-21,NA
1,2021-09-22,NA
1,2021-09-23,NA
1,2021-09-24,NA
1,2021-09-25,NA
1,2021-09-26,NA
1,2021-09-27,NA
1,2021-09-28,NA
1,2021-09-29,NA
1,2021-09-30,NA
1,2021-10-01,NA
1,2021-10-02,NA
1,2021-10-03,NA
1,2021-10-04,NA
1,2021-10-05,NA
1,2021-10-06,NA
1,2021-10-07,NA
1,2021-10-08,NA
1,2021-10-09,NA
1,2021-10-10,NA
1,2021-10-11,NA
1,2021-10-12,NA
1,2021-10-13,NA
1,2021-10-14,NA
1,2021-10-15,NA
1,2021-10-16,NA
1,2021-10-17,NA
1,2021-10-18,NA
1,2021-10-19,NA
1,2021-10-20,NA
1,2021-10-21,NA
1,2021-10-22,NA
1,2021-10-23,NA
1,2021-10-24,NA
1,2021-10-25,NA
1,2021-10-26,NA
1,2021-10-27,NA
1,2021-10-28,NA
1,2021-10-29,NA
1,2021-10-30,NA
1,2021-10-31,NA
1,2021-11-01,NA
1,2021-11-02,NA
1,2021-11-03,NA
1,2021-11-04,NA
1,2021-11-05,NA
1,2021-11-06,NA
1,2021-11-07,NA
1,2021-11-08,NA
1,2021-11-09,NA
1,2021-11-10,NA
1,2021-11-11,NA
1,2021-11-12,NA
1,2021-11-13,NA
1,2021-11-14,NA
1,2021-11-15,NA
1,2021-11-16,NA
1,2021-11-17,NA
1,2021-11-18,NA
1,2021-11-19,NA
1,2021-11-20,NA
1,2021-11-21,NA
1,2021-11-22,NA
1,2021-11-23,NA
1,2021-11-24,NA
1,2021-11-25,NA
1,2021-11-26,NA
1,2021-11-27,NA
1,2021-11-28,NA
1,2021-11-29,NA
1,2021-11-30,NA
1,2021-12-01,NA
1,2021-12-02,NA
1,2021-12-03,NA
1,2021-12-04,NA
1,2021-12-05,NA
1,2021-12-06,NA
1,2021-12-07,NA
1,2021-12-08,NA
1,2021-12-09,NA
1,2021-12-10,NA
1,2021-12-11,NA
1,2021-12-12,NA
1,2021-12-13,NA
1,2021-12-14,NA
1,2021-12-15,NA
1,2021-12-16,NA
1,2021-12-17,NA
1,2021-12-18,NA
1,2021-12-19,NA
1,2021-12-20,NA
1,2021-12-21,NA
1,2021-12-22,NA
1,2021-12-23,NA
1,2021-12-24,NA
1,2021-12-25,NA
1,2021-12-26,NA
1,2021-12-27,NA
1,2021-12-28,NA
1,2021-12-29,NA
1,2021-12-30,NA
1,2021-12-31,NA
1,2022-01-01,NA
1,2022-01-02,NA
1,2022-01-03,NA
1,2022-01-04,NA
1,2022-01-05,NA
1,2022-01-06,NA
1,2022-01-07,NA
1,2022-01-08,NA
1,2022-01-09,NA
1,2022-01-10,NA
1,2022-01-11,NA
1,2022-01-12,NA
1,2022-01-13,NA
1,2022-01-14,NA
1,2022-01-15,NA
1,2022-01-16,NA
1,2022-01-17,NA
1,2022-01-18,NA
1,2022-01-19,NA
1,2022-01-20,NA
1,2022-01-21,NA
1,2022-01-22,NA
1,2022-01-23,NA
1,2022-01-24,NA
1,2022-01-25,NA
1,2022-01-26,NA
1,2022-01-27,NA
1,2022-01-28,NA
1,2022-01-29,NA
1,2022-01-30,NA
1,2022-01-31,NA
1,2022-02-01,NA
1,2022-02-02,NA
1,2022-02-03,NA
